"4","0","7"
"0","1","2"
"2","2","0"
"3","3","7"
"1","4","4"
"1","5","5"
"1","6","2"
"4","7","4"
"2","8","6"
"1","9","10"
"0","10","2"
"1","11","10"
"0","12","1"
"3","13","10"
"4","14","0"
"4","15","4"
"4","16","4"
"2","17","6"
"3","18","1"
"4","19","3"
"3","20","7"
"0","21","6"
"3","22","8"
"1","23","10"
"2","24","4"
"2","25","3"
"3","26","0"
"2","27","10"
"3","28","4"
"4","29","10"
"3","30","3"
"1","31","1"
"0","32","3"
"3","33","6"
"1","34","5"
"0","35","4"
"3","36","5"
"1","37","6"
"4","38","9"
"1","39","1"
"2","40","5"
"0","41","0"
"4","42","10"
"1","43","10"
"1","44","10"
"1","45","8"
"2","46","3"
"1","47","7"
"4","48","5"
"4","49","7"
"0","50","9"
"3","51","7"
"4","52","2"
"0","53","2"
"1","54","6"
"1","55","4"
"0","56","10"
"0","57","1"
"3","58","0"
"0","59","2"
"2","60","10"
"4","61","1"
"3","62","7"
"4","63","7"
"4","64","7"
"4","65","7"
"1","66","1"
"4","67","0"
"0","68","3"
"4","69","4"
"3","70","1"
"4","71","5"
"1","72","0"
"2","73","10"
"2","74","10"
"0","75","1"
"2","76","10"
"4","77","8"
"2","78","2"
"4","79","4"
"4","80","1"
"0","81","8"
"3","82","0"
"2","83","8"
"2","84","7"
"2","85","6"
"3","86","2"
"2","87","2"
"3","88","7"
"3","89","9"
"1","90","2"
"4","91","8"
"0","92","7"
"4","93","0"
"4","94","1"
"1","95","7"
"3","96","5"
"0","97","1"
"0","98","2"
"4","99","5"
"4","100","6"
"0","101","3"
"0","102","0"
"4","103","1"
"3","104","10"
"0","105","9"
"4","106","6"
"4","107","9"
"3","108","8"
"4","109","6"
"1","110","4"
"0","111","10"
"0","112","2"
"1","113","3"
"4","114","1"
"3","115","0"
"4","116","8"
"1","117","1"
"3","118","2"
"1","119","2"
"2","120","8"
"1","121","0"
"2","122","3"
"1","123","5"
"3","124","6"
"4","125","5"
"2","126","4"
"2","127","1"
"4","128","2"
"1","129","2"
"2","130","9"
"1","131","5"
"0","132","9"
"2","133","0"
"4","134","8"
"1","135","0"
"4","136","6"
"3","137","1"
"1","138","3"
"3","139","5"
"1","140","1"
"4","141","5"
"4","142","9"
"2","143","0"
"1","144","5"
"0","145","6"
"2","146","5"
"1","147","5"
"3","148","2"
"4","149","3"
"3","150","3"
"0","151","8"
"3","152","6"
"0","153","8"
"2","154","6"
"0","155","4"
"0","156","8"
"4","157","8"
"2","158","1"
"1","159","5"
"0","160","10"
"3","161","3"
"2","162","9"
"4","163","9"
"2","164","3"
"3","165","5"
"3","166","5"
"3","167","7"
"2","168","5"
"3","169","2"
"4","170","2"
"3","171","1"
"2","172","1"
"0","173","8"
"3","174","8"
"3","175","5"
"2","176","4"
"1","177","3"
"3","178","9"
"0","179","9"
"1","180","10"
"2","181","3"
"4","182","4"
"2","183","6"
"4","184","9"
"1","185","4"
"1","186","3"
"1","187","5"
"3","188","2"
"1","189","2"
"1","190","1"
"0","191","0"
"3","192","8"
"1","193","7"
"0","194","3"
"3","195","5"
"3","196","9"
"0","197","3"
"2","198","10"
"2","199","6"
"3","200","7"
"3","201","0"
"3","202","0"
"0","203","1"
"1","204","4"
"3","205","2"
"1","206","3"
"4","207","4"
"1","208","5"
"3","209","1"
"0","210","3"
"3","211","7"
"4","212","3"
"0","213","9"
"0","214","10"
"0","215","3"
"2","216","2"
"4","217","8"
"4","218","6"
"1","219","0"
"2","220","10"
"4","221","9"
"2","222","1"
"4","223","9"
"2","224","4"
"1","225","10"
"0","226","3"
"3","227","0"
"1","228","7"
"3","229","7"
"3","230","7"
"3","231","7"
"4","232","6"
"1","233","9"
"0","234","9"
"4","235","2"
"1","236","3"
"3","237","0"
"3","238","6"
"0","239","1"
"0","240","0"
"0","241","1"
"2","242","1"
"1","243","4"
"1","244","4"
"3","245","7"
"0","246","4"
"0","247","6"
"2","248","3"
"2","249","2"
"0","250","4"
"3","251","4"
"2","252","9"
"1","253","8"
"1","254","1"
"3","255","5"
"1","256","2"
"3","257","6"
"2","258","0"
"4","259","0"
"2","260","7"
"4","261","7"
"4","262","4"
"4","263","1"
"3","264","5"
"2","265","7"
"4","266","2"
"4","267","6"
"1","268","9"
"4","269","0"
"0","270","9"
"3","271","2"
"0","272","0"
"0","273","9"
"2","274","2"
"2","275","8"
"3","276","7"
"0","277","0"
"3","278","1"
"2","279","1"
"4","280","6"
"0","281","0"
"3","282","0"
"1","283","6"
"3","284","9"
"3","285","5"
"2","286","8"
"3","287","6"
"1","288","2"
"0","289","9"
"1","290","2"
"3","291","5"
"2","292","7"
"1","293","7"
"3","294","2"
"2","295","2"
"4","296","2"
"4","297","6"
"4","298","10"
"3","299","10"
"1","300","9"
"3","301","8"
"4","302","7"
"2","303","5"
"3","304","8"
"1","305","3"
"2","306","4"
"2","307","3"
"0","308","7"
"2","309","2"
"3","310","0"
"3","311","10"
"3","312","6"
"1","313","6"
"2","314","6"
"2","315","10"
"4","316","1"
"1","317","10"
"2","318","0"
"4","319","8"
"4","320","1"
"0","321","6"
"3","322","1"
"0","323","9"
"4","324","6"
"3","325","3"
"2","326","0"
"2","327","9"
"3","328","0"
"0","329","10"
"1","330","9"
"3","331","5"
"2","332","2"
"3","333","7"
"1","334","2"
"1","335","2"
"1","336","6"
"4","337","1"
"3","338","2"
"0","339","5"
"2","340","6"
"0","341","9"
"3","342","8"
"2","343","7"
"2","344","6"
"3","345","0"
"3","346","5"
"4","347","9"
"4","348","4"
"2","349","1"
"3","350","3"
"4","351","6"
"1","352","5"
"1","353","3"
"1","354","3"
"2","355","10"
"3","356","5"
"1","357","1"
"0","358","1"
"0","359","7"
"1","360","9"
"2","361","7"
"3","362","7"
"2","363","7"
"2","364","2"
"3","365","8"
"3","366","6"
"3","367","7"
"2","368","9"
"4","369","2"
"3","370","9"
"1","371","2"
"0","372","4"
"3","373","6"
"1","374","2"
"1","375","8"
"3","376","4"
"0","377","8"
"0","378","2"
"4","379","10"
"0","380","5"
"2","381","9"
"4","382","4"
"1","383","6"
"1","384","6"
"2","385","4"
"2","386","9"
"1","387","1"
"4","388","5"
"1","389","5"
"0","390","0"
"1","391","4"
"4","392","10"
"1","393","9"
"3","394","4"
"4","395","9"
"1","396","7"
"2","397","1"
"2","398","5"
"2","399","10"
"3","400","9"
"3","401","10"
"2","402","6"
"2","403","1"
"2","404","6"
"0","405","0"
"2","406","9"
"4","407","1"
"1","408","9"
"1","409","0"
"1","410","10"
"0","411","0"
"2","412","5"
"4","413","6"
"4","414","4"
"4","415","3"
"0","416","7"
"3","417","6"
"2","418","5"
"3","419","8"
"3","420","4"
"2","421","1"
"3","422","9"
"2","423","0"
"3","424","8"
"4","425","0"
"2","426","2"
"2","427","8"
"0","428","3"
"3","429","8"
"2","430","3"
"3","431","6"
"2","432","8"
"0","433","7"
"4","434","5"
"3","435","0"
"2","436","9"
"1","437","8"
"1","438","7"
"4","439","9"
"2","440","3"
"1","441","2"
"4","442","4"
"4","443","4"
"4","444","6"
"2","445","6"
"4","446","0"
"4","447","5"
"2","448","1"
"3","449","7"
"4","450","10"
"0","451","0"
"2","452","1"
"3","453","6"
"1","454","7"
"4","455","3"
"3","456","1"
"0","457","10"
"4","458","6"
"3","459","1"
"3","460","9"
"1","461","8"
"1","462","4"
"0","463","9"
"2","464","2"
"4","465","5"
"1","466","10"
"1","467","6"
"2","468","8"
"1","469","1"
"3","470","0"
"2","471","9"
"0","472","3"
"1","473","5"
"0","474","8"
"3","475","0"
"4","476","7"
"3","477","7"
"3","478","0"
"0","479","4"
"1","480","10"
"1","481","3"
"4","482","5"
"3","483","2"
"3","484","3"
"4","485","5"
"2","486","10"
"3","487","8"
"3","488","7"
"0","489","9"
"3","490","4"
"1","491","10"
"0","492","6"
"0","493","6"
"1","494","9"
"3","495","0"
"1","496","10"
"1","497","4"
"3","498","6"
"0","499","2"
"1","500","5"
"1","501","3"
"0","502","6"
"3","503","2"
"4","504","0"
"4","505","7"
"0","506","1"
"4","507","9"
"0","508","2"
"4","509","10"
"0","510","3"
"0","511","3"
"4","512","10"
"1","513","5"
"3","514","4"
"3","515","2"
"0","516","8"
"1","517","6"
"2","518","9"
"0","519","10"
"0","520","3"
"1","521","5"
"1","522","0"
"1","523","9"
"1","524","5"
"1","525","8"
"4","526","5"
"1","527","9"
"2","528","7"
"3","529","0"
"4","530","5"
"4","531","8"
"1","532","2"
"3","533","5"
"3","534","8"
"1","535","10"
"0","536","9"
"4","537","9"
"2","538","8"
"2","539","6"
"2","540","1"
"2","541","7"
"4","542","1"
"1","543","4"
"4","544","1"
"1","545","0"
"3","546","6"
"1","547","1"
"3","548","9"
"2","549","4"
"1","550","2"
"1","551","7"
"4","552","2"
"4","553","0"
"4","554","10"
"0","555","3"
"1","556","8"
"3","557","5"
"2","558","9"
"3","559","3"
"4","560","5"
"2","561","7"
"3","562","10"
"3","563","9"
"0","564","3"
"2","565","9"
"2","566","7"
"2","567","9"
"1","568","0"
"1","569","2"
"3","570","5"
"0","571","9"
"1","572","8"
"1","573","5"
"0","574","0"
"2","575","8"
"2","576","5"
"0","577","6"
"4","578","0"
"1","579","6"
"1","580","6"
"2","581","10"
"0","582","3"
"2","583","5"
"4","584","1"
"4","585","2"
"0","586","4"
"0","587","8"
"0","588","0"
"4","589","0"
"3","590","0"
"1","591","9"
"3","592","6"
"1","593","7"
"4","594","5"
"1","595","7"
"1","596","3"
"1","597","6"
"1","598","7"
"1","599","7"
"4","600","7"
"4","601","9"
"4","602","1"
"4","603","6"
"0","604","8"
"4","605","2"
"2","606","1"
"0","607","7"
"4","608","6"
"1","609","10"
"3","610","4"
"2","611","9"
"4","612","5"
"1","613","9"
"2","614","8"
"3","615","8"
"2","616","10"
"4","617","4"
"3","618","10"
"3","619","0"
"3","620","4"
"4","621","5"
"2","622","2"
"3","623","0"
"3","624","4"
"2","625","5"
"3","626","8"
"4","627","9"
"1","628","5"
"1","629","8"
"3","630","7"
"0","631","9"
"2","632","0"
"4","633","3"
"3","634","2"
"4","635","9"
"0","636","3"
"1","637","6"
"4","638","9"
"3","639","2"
"2","640","4"
"4","641","3"
"1","642","8"
"1","643","10"
"2","644","10"
"1","645","1"
"1","646","8"
"1","647","0"
"3","648","0"
"3","649","6"
"4","650","9"
"0","651","1"
"4","652","2"
"2","653","0"
"4","654","5"
"3","655","9"
"0","656","5"
"3","657","9"
"3","658","5"
"1","659","2"
"2","660","9"
"0","661","4"
"2","662","7"
"4","663","7"
"1","664","0"
"3","665","0"
"2","666","2"
"1","667","8"
"2","668","3"
"1","669","8"
"2","670","6"
"2","671","3"
"0","672","4"
"2","673","3"
"2","674","1"
"0","675","8"
"2","676","6"
"4","677","0"
"1","678","6"
"4","679","6"
"2","680","9"
"3","681","8"
"3","682","6"
"1","683","7"
"1","684","4"
"4","685","9"
"0","686","5"
"2","687","4"
"2","688","5"
"0","689","3"
"1","690","8"
"4","691","0"
"3","692","9"
"0","693","3"
"2","694","7"
"4","695","0"
"1","696","0"
"0","697","5"
"1","698","5"
"2","699","2"
"0","700","4"
"4","701","8"
"2","702","1"
"2","703","6"
"0","704","5"
"3","705","1"
"2","706","4"
"4","707","1"
"1","708","9"
"2","709","0"
"4","710","5"
"4","711","1"
"0","712","10"
"0","713","9"
"1","714","8"
"0","715","0"
"3","716","1"
"3","717","1"
"0","718","7"
"4","719","5"
"3","720","1"
"1","721","7"
"3","722","9"
"4","723","0"
"2","724","2"
"0","725","9"
"2","726","2"
"1","727","0"
"2","728","8"
"1","729","1"
"3","730","6"
"1","731","1"
"2","732","0"
"4","733","7"
"3","734","2"
"1","735","10"
"1","736","5"
"1","737","4"
"0","738","3"
"1","739","7"
"0","740","1"
"0","741","9"
"1","742","8"
"1","743","1"
"0","744","1"
"4","745","5"
"0","746","5"
"0","747","5"
"3","748","10"
"0","749","0"
"1","750","2"
"3","751","8"
"0","752","3"
"3","753","6"
"1","754","1"
"1","755","1"
"0","756","10"
"2","757","0"
"0","758","7"
"3","759","7"
"4","760","2"
"4","761","6"
"0","762","7"
"2","763","8"
"0","764","10"
"2","765","0"
"2","766","9"
"0","767","4"
"2","768","10"
"1","769","3"
"2","770","9"
"0","771","8"
"0","772","6"
"2","773","3"
"2","774","8"
"4","775","2"
"1","776","1"
"2","777","5"
"3","778","9"
"0","779","2"
"1","780","1"
"2","781","0"
"3","782","4"
"1","783","5"
"1","784","10"
"3","785","9"
"4","786","4"
"3","787","1"
"0","788","7"
"0","789","4"
"3","790","1"
"4","791","4"
"3","792","6"
"0","793","6"
"1","794","3"
"0","795","8"
"3","796","5"
"0","797","10"
"0","798","0"
"0","799","10"
"0","800","9"
"2","801","0"
"2","802","2"
"3","803","5"
"3","804","4"
"2","805","10"
"2","806","6"
"0","807","6"
"0","808","7"
"1","809","10"
"4","810","0"
"2","811","8"
"2","812","8"
"3","813","0"
"2","814","6"
"1","815","5"
"3","816","5"
"1","817","7"
"0","818","2"
"2","819","0"
"3","820","5"
"2","821","9"
"2","822","9"
"1","823","4"
"2","824","3"
"3","825","3"
"2","826","3"
"0","827","5"
"1","828","3"
"1","829","6"
"0","830","6"
"2","831","2"
"1","832","4"
"1","833","8"
"3","834","2"
"4","835","8"
"0","836","2"
"1","837","9"
"3","838","10"
"0","839","9"
"1","840","6"
"0","841","1"
"1","842","8"
"2","843","0"
"4","844","0"
"0","845","0"
"0","846","3"
"3","847","10"
"2","848","4"
"4","849","6"
"4","850","7"
"1","851","8"
"3","852","1"
"0","853","2"
"3","854","9"
"0","855","1"
"3","856","4"
"3","857","9"
"1","858","3"
"2","859","2"
"3","860","4"
"2","861","8"
"4","862","1"
"4","863","2"
"0","864","9"
"3","865","8"
"2","866","7"
"4","867","4"
"0","868","1"
"3","869","3"
"1","870","2"
"4","871","10"
"2","872","8"
"1","873","2"
"2","874","2"
"1","875","1"
"0","876","6"
"4","877","8"
"4","878","0"
"2","879","6"
"2","880","2"
"2","881","2"
"3","882","10"
"2","883","2"
"2","884","7"
"3","885","5"
"0","886","3"
"2","887","10"
"3","888","2"
"1","889","7"
"0","890","6"
"0","891","7"
"4","892","0"
"0","893","5"
"0","894","10"
"0","895","8"
"4","896","8"
"2","897","1"
"2","898","3"
"4","899","6"
"1","900","4"
"3","901","9"
"3","902","9"
"0","903","8"
"2","904","9"
"1","905","9"
"0","906","6"
"4","907","0"
"4","908","4"
"4","909","2"
"1","910","4"
"0","911","9"
"0","912","9"
"2","913","10"
"3","914","4"
"1","915","0"
"4","916","3"
"1","917","8"
"0","918","6"
"0","919","6"
"2","920","7"
"3","921","10"
"2","922","7"
"1","923","4"
"2","924","10"
"3","925","10"
"2","926","4"
"1","927","2"
"3","928","8"
"0","929","2"
"1","930","9"
"0","931","6"
"2","932","3"
"0","933","3"
"2","934","5"
"2","935","0"
"1","936","3"
"3","937","5"
"3","938","6"
"4","939","3"
"4","940","1"
"4","941","7"
"2","942","8"
"2","943","8"
"2","944","9"
"2","945","6"
"3","946","8"
"0","947","2"
"3","948","1"
"3","949","2"
"0","950","7"
"1","951","6"
"1","952","8"
"4","953","9"
"0","954","3"
"3","955","8"
"3","956","0"
"4","957","8"
"2","958","5"
"4","959","8"
"4","960","0"
"0","961","3"
"1","962","9"
"3","963","1"
"2","964","4"
"3","965","3"
"3","966","9"
"4","967","2"
"2","968","5"
"3","969","5"
"4","970","4"
"2","971","0"
"4","972","1"
"0","973","0"
"4","974","8"
"1","975","7"
"4","976","8"
"0","977","9"
"0","978","3"
"0","979","7"
"2","980","8"
"4","981","10"
"0","982","6"
"2","983","7"
"1","984","8"
"3","985","1"
"4","986","6"
"1","987","4"
"0","988","5"
"1","989","5"
"2","990","8"
"3","991","3"
"0","992","5"
"2","993","0"
"0","994","3"
"4","995","1"
"1","996","4"
"4","997","4"
"1","998","0"
"2","999","6"
"1","1000","2"
"2","1001","4"
"4","1002","0"
"1","1003","8"
"0","1004","7"
"2","1005","5"
"1","1006","6"
"4","1007","5"
"2","1008","7"
"1","1009","6"
"3","1010","2"
"0","1011","9"
"1","1012","4"
"4","1013","3"
"1","1014","2"
"2","1015","10"
"1","1016","9"
"4","1017","1"
"1","1018","1"
"4","1019","4"
"0","1020","7"
"1","1021","9"
"0","1022","5"
"3","1023","1"
"3","1024","1"
"3","1025","8"
"1","1026","4"
"0","1027","0"
"4","1028","9"
"4","1029","4"
"1","1030","8"
"2","1031","1"
"1","1032","8"
"0","1033","10"
"2","1034","7"
"0","1035","1"
"3","1036","3"
"2","1037","2"
"1","1038","10"
"3","1039","8"
"2","1040","2"
"2","1041","10"
"0","1042","2"
"2","1043","2"
"2","1044","0"
"4","1045","7"
"4","1046","8"
"4","1047","7"
"0","1048","1"
"0","1049","4"
"4","1050","9"
"2","1051","7"
"1","1052","9"
"1","1053","9"
"1","1054","1"
"3","1055","3"
"1","1056","8"
"4","1057","10"
"0","1058","5"
"3","1059","9"
"1","1060","10"
"2","1061","6"
"1","1062","7"
"0","1063","10"
"0","1064","10"
"2","1065","5"
"4","1066","9"
"3","1067","4"
"4","1068","10"
"4","1069","6"
"2","1070","8"
"0","1071","5"
"0","1072","0"
"2","1073","3"
"4","1074","10"
"3","1075","10"
"4","1076","9"
"4","1077","1"
"1","1078","10"
"0","1079","0"
"0","1080","9"
"2","1081","10"
"3","1082","4"
"3","1083","0"
"0","1084","1"
"2","1085","7"
"0","1086","10"
"1","1087","2"
"1","1088","8"
"3","1089","7"
"0","1090","0"
"0","1091","6"
"2","1092","4"
"4","1093","9"
"1","1094","9"
"0","1095","4"
"3","1096","10"
"3","1097","2"
"1","1098","2"
"2","1099","7"
"1","1100","0"
"1","1101","5"
"1","1102","6"
"4","1103","8"
"4","1104","3"
"0","1105","4"
"1","1106","8"
"1","1107","5"
"0","1108","2"
"4","1109","1"
"4","1110","10"
"3","1111","4"
"0","1112","5"
"4","1113","4"
"2","1114","4"
"1","1115","5"
"0","1116","3"
"4","1117","10"
"1","1118","9"
"4","1119","6"
"3","1120","7"
"1","1121","5"
"4","1122","1"
"3","1123","4"
"3","1124","1"
"0","1125","1"
"0","1126","4"
"4","1127","8"
"3","1128","1"
"3","1129","3"
"0","1130","6"
"2","1131","1"
"2","1132","0"
"1","1133","2"
"2","1134","2"
"1","1135","10"
"4","1136","3"
"4","1137","8"
"4","1138","1"
"4","1139","5"
"0","1140","10"
"0","1141","7"
"3","1142","0"
"2","1143","7"
"4","1144","2"
"4","1145","1"
"2","1146","0"
"4","1147","0"
"3","1148","8"
"2","1149","0"
"2","1150","2"
"1","1151","7"
"4","1152","1"
"1","1153","9"
"1","1154","3"
"1","1155","0"
"0","1156","6"
"3","1157","3"
"2","1158","4"
"3","1159","6"
"2","1160","10"
"4","1161","2"
"0","1162","9"
"2","1163","4"
"1","1164","8"
"3","1165","0"
"3","1166","4"
"3","1167","1"
"0","1168","4"
"1","1169","8"
"2","1170","5"
"2","1171","8"
"1","1172","10"
"0","1173","0"
"4","1174","8"
"1","1175","10"
"1","1176","10"
"4","1177","3"
"4","1178","3"
"0","1179","8"
"4","1180","9"
"1","1181","9"
"3","1182","1"
"4","1183","8"
"1","1184","5"
"1","1185","8"
"0","1186","0"
"2","1187","9"
"4","1188","6"
"2","1189","8"
"1","1190","10"
"3","1191","1"
"3","1192","0"
"0","1193","10"
"3","1194","7"
"2","1195","8"
"0","1196","3"
"0","1197","1"
"3","1198","3"
"2","1199","10"
"4","1200","4"
"3","1201","5"
"4","1202","10"
"3","1203","1"
"0","1204","0"
"4","1205","5"
"2","1206","9"
"3","1207","6"
"0","1208","4"
"1","1209","1"
"1","1210","1"
"0","1211","10"
"1","1212","1"
"3","1213","4"
"2","1214","8"
"0","1215","1"
"0","1216","6"
"4","1217","7"
"0","1218","10"
"1","1219","10"
"1","1220","10"
"1","1221","0"
"4","1222","10"
"2","1223","8"
"2","1224","8"
"4","1225","0"
"4","1226","3"
"4","1227","4"
"1","1228","0"
"0","1229","10"
"1","1230","7"
"1","1231","1"
"1","1232","9"
"4","1233","2"
"0","1234","1"
"2","1235","6"
"4","1236","8"
"1","1237","4"
"3","1238","10"
"1","1239","9"
"1","1240","6"
"4","1241","0"
"0","1242","4"
"2","1243","6"
"0","1244","0"
"0","1245","10"
"2","1246","7"
"1","1247","0"
"2","1248","1"
"0","1249","0"
"3","1250","7"
"3","1251","7"
"0","1252","0"
"1","1253","1"
"2","1254","5"
"2","1255","7"
"4","1256","0"
"0","1257","8"
"2","1258","6"
"0","1259","2"
"4","1260","5"
"3","1261","1"
"2","1262","9"
"0","1263","2"
"1","1264","4"
"2","1265","6"
"1","1266","2"
"2","1267","5"
"2","1268","4"
"4","1269","8"
"2","1270","6"
"0","1271","5"
"3","1272","2"
"3","1273","8"
"4","1274","7"
"2","1275","1"
"2","1276","4"
"3","1277","7"
"4","1278","7"
"2","1279","10"
"3","1280","8"
"3","1281","4"
"1","1282","3"
"2","1283","7"
"3","1284","7"
"4","1285","10"
"3","1286","0"
"3","1287","1"
"3","1288","6"
"1","1289","0"
"3","1290","7"
"1","1291","4"
"3","1292","6"
"1","1293","5"
"1","1294","9"
"2","1295","2"
"3","1296","7"
"1","1297","4"
"1","1298","2"
"4","1299","7"
"2","1300","6"
"3","1301","7"
"0","1302","3"
"1","1303","4"
"1","1304","8"
"0","1305","1"
"1","1306","3"
"1","1307","6"
"1","1308","2"
"4","1309","10"
"4","1310","6"
"1","1311","6"
"3","1312","9"
"3","1313","3"
"0","1314","5"
"0","1315","2"
"0","1316","9"
"0","1317","1"
"0","1318","4"
"2","1319","0"
"3","1320","10"
"0","1321","5"
"1","1322","9"
"4","1323","6"
"1","1324","6"
"1","1325","8"
"0","1326","10"
"0","1327","6"
"1","1328","10"
"0","1329","4"
"2","1330","6"
"4","1331","9"
"2","1332","8"
"3","1333","0"
"1","1334","5"
"0","1335","0"
"2","1336","4"
"2","1337","10"
"0","1338","8"
"0","1339","8"
"4","1340","3"
"2","1341","10"
"4","1342","5"
"0","1343","2"
"4","1344","10"
"3","1345","0"
"0","1346","4"
"1","1347","8"
"1","1348","6"
"1","1349","2"
"3","1350","4"
"2","1351","6"
"1","1352","3"
"1","1353","8"
"0","1354","4"
"4","1355","6"
"1","1356","4"
"3","1357","3"
"3","1358","1"
"1","1359","10"
"0","1360","6"
"3","1361","4"
"0","1362","2"
"2","1363","6"
"2","1364","10"
"3","1365","9"
"0","1366","5"
"4","1367","9"
"0","1368","0"
"1","1369","4"
"2","1370","8"
"4","1371","5"
"4","1372","6"
"1","1373","1"
"0","1374","10"
"3","1375","2"
"4","1376","5"
"2","1377","8"
"2","1378","4"
"1","1379","3"
"0","1380","2"
"1","1381","5"
"3","1382","3"
"2","1383","1"
"1","1384","10"
"0","1385","9"
"4","1386","1"
"1","1387","8"
"1","1388","8"
"4","1389","10"
"1","1390","9"
"0","1391","4"
"4","1392","4"
"0","1393","1"
"4","1394","9"
"2","1395","2"
"0","1396","2"
"2","1397","9"
"3","1398","5"
"0","1399","5"
"1","1400","9"
"4","1401","8"
"3","1402","2"
"3","1403","5"
"3","1404","2"
"2","1405","1"
"4","1406","5"
"2","1407","1"
"1","1408","0"
"4","1409","0"
"3","1410","6"
"2","1411","3"
"3","1412","5"
"1","1413","5"
"3","1414","1"
"3","1415","1"
"1","1416","3"
"1","1417","1"
"2","1418","4"
"3","1419","6"
"0","1420","6"
"0","1421","8"
"4","1422","9"
"2","1423","3"
"2","1424","1"
"2","1425","4"
"2","1426","0"
"1","1427","4"
"4","1428","7"
"3","1429","4"
"0","1430","9"
"4","1431","5"
"3","1432","4"
"0","1433","10"
"3","1434","7"
"0","1435","2"
"1","1436","4"
"1","1437","4"
"4","1438","2"
"2","1439","6"
"1","1440","3"
"2","1441","2"
"1","1442","8"
"0","1443","5"
"1","1444","5"
"3","1445","2"
"0","1446","0"
"4","1447","7"
"2","1448","9"
"3","1449","5"
"1","1450","0"
"2","1451","4"
"4","1452","6"
"0","1453","8"
"4","1454","0"
"4","1455","0"
"3","1456","2"
"0","1457","5"
"0","1458","0"
"0","1459","2"
"1","1460","10"
"3","1461","8"
"0","1462","3"
"3","1463","6"
"4","1464","10"
"2","1465","7"
"4","1466","10"
"3","1467","10"
"4","1468","2"
"1","1469","10"
"2","1470","2"
"2","1471","2"
"2","1472","5"
"0","1473","5"
"3","1474","9"
"4","1475","9"
"2","1476","4"
"2","1477","0"
"2","1478","8"
"2","1479","10"
"3","1480","3"
"2","1481","6"
"4","1482","4"
"0","1483","9"
"0","1484","3"
"2","1485","6"
"2","1486","1"
"0","1487","3"
"0","1488","6"
"0","1489","0"
"4","1490","5"
"3","1491","1"
"2","1492","5"
"0","1493","4"
"0","1494","6"
"1","1495","2"
"4","1496","0"
"3","1497","4"
"1","1498","9"
"0","1499","7"
"1","1500","0"
"1","1501","4"
"2","1502","1"
"1","1503","3"
"0","1504","4"
"1","1505","5"
"4","1506","5"
"0","1507","9"
"4","1508","7"
"2","1509","4"
"1","1510","2"
"0","1511","5"
"1","1512","2"
"2","1513","7"
"2","1514","8"
"1","1515","7"
"3","1516","7"
"0","1517","2"
"0","1518","1"
"2","1519","8"
"0","1520","3"
"2","1521","3"
"1","1522","2"
"2","1523","10"
"4","1524","1"
"3","1525","4"
"4","1526","5"
"2","1527","9"
"1","1528","7"
"4","1529","6"
"4","1530","3"
"1","1531","4"
"4","1532","4"
"1","1533","1"
"1","1534","1"
"4","1535","6"
"0","1536","3"
"1","1537","2"
"4","1538","3"
"1","1539","0"
"2","1540","9"
"0","1541","10"
"2","1542","10"
"2","1543","4"
"2","1544","2"
"0","1545","5"
"3","1546","5"
"3","1547","4"
"2","1548","2"
"4","1549","10"
"4","1550","8"
"1","1551","6"
"4","1552","1"
"1","1553","5"
"4","1554","3"
"4","1555","3"
"2","1556","8"
"1","1557","2"
"1","1558","7"
"0","1559","3"
"1","1560","5"
"3","1561","1"
"1","1562","5"
"1","1563","6"
"3","1564","9"
"4","1565","2"
"0","1566","3"
"3","1567","0"
"3","1568","3"
"1","1569","5"
"3","1570","7"
"4","1571","9"
"3","1572","2"
"2","1573","0"
"2","1574","8"
"0","1575","4"
"4","1576","2"
"2","1577","8"
"4","1578","10"
"4","1579","2"
"0","1580","8"
"1","1581","7"
"3","1582","9"
"3","1583","7"
"1","1584","10"
"1","1585","6"
"2","1586","8"
"1","1587","1"
"3","1588","8"
"1","1589","8"
"0","1590","2"
"3","1591","8"
"2","1592","8"
"3","1593","9"
"4","1594","6"
"2","1595","10"
"0","1596","9"
"2","1597","0"
"4","1598","5"
"3","1599","2"
"1","1600","10"
"2","1601","9"
"4","1602","3"
"3","1603","6"
"2","1604","8"
"1","1605","2"
"1","1606","9"
"4","1607","8"
"2","1608","2"
"4","1609","8"
"0","1610","9"
"0","1611","6"
"1","1612","4"
"0","1613","8"
"0","1614","2"
"3","1615","8"
"1","1616","9"
"3","1617","9"
"3","1618","6"
"1","1619","7"
"0","1620","4"
"2","1621","4"
"0","1622","10"
"0","1623","5"
"3","1624","5"
"2","1625","7"
"3","1626","8"
"1","1627","6"
"2","1628","3"
"0","1629","6"
"4","1630","6"
"0","1631","6"
"0","1632","4"
"2","1633","7"
"3","1634","1"
"2","1635","0"
"2","1636","3"
"3","1637","5"
"3","1638","0"
"0","1639","9"
"0","1640","5"
"4","1641","6"
"2","1642","5"
"2","1643","3"
"0","1644","5"
"0","1645","4"
"4","1646","1"
"0","1647","4"
"4","1648","10"
"3","1649","5"
"4","1650","3"
"1","1651","4"
"4","1652","9"
"1","1653","7"
"0","1654","1"
"2","1655","4"
"1","1656","10"
"2","1657","6"
"3","1658","4"
"4","1659","3"
"0","1660","10"
"0","1661","4"
"1","1662","8"
"0","1663","7"
"1","1664","3"
"3","1665","4"
"2","1666","0"
"3","1667","4"
"0","1668","0"
"3","1669","0"
"1","1670","4"
"4","1671","7"
"0","1672","0"
"2","1673","0"
"2","1674","3"
"1","1675","0"
"3","1676","0"
"2","1677","5"
"4","1678","6"
"3","1679","5"
"2","1680","9"
"2","1681","1"
"0","1682","7"
"2","1683","2"
"2","1684","8"
"1","1685","1"
"1","1686","6"
"1","1687","8"
"2","1688","3"
"3","1689","9"
"4","1690","4"
"1","1691","2"
"4","1692","9"
"0","1693","1"
"4","1694","4"
"1","1695","10"
"3","1696","7"
"0","1697","6"
"3","1698","0"
"3","1699","4"
"0","1700","5"
"0","1701","10"
"1","1702","3"
"3","1703","3"
"2","1704","6"
"3","1705","1"
"2","1706","10"
"2","1707","6"
"3","1708","6"
"3","1709","1"
"1","1710","3"
"3","1711","3"
"2","1712","4"
"0","1713","7"
"0","1714","6"
"0","1715","10"
"1","1716","0"
"1","1717","4"
"3","1718","10"
"4","1719","2"
"0","1720","9"
"4","1721","10"
"0","1722","2"
"3","1723","2"
"1","1724","2"
"2","1725","1"
"0","1726","9"
"1","1727","1"
"4","1728","2"
"2","1729","2"
"4","1730","8"
"1","1731","2"
"0","1732","8"
"1","1733","7"
"4","1734","9"
"1","1735","8"
"1","1736","10"
"3","1737","9"
"0","1738","5"
"4","1739","6"
"4","1740","6"
"0","1741","6"
"2","1742","4"
"4","1743","10"
"4","1744","1"
"2","1745","5"
"0","1746","1"
"3","1747","10"
"4","1748","4"
"3","1749","10"
"0","1750","4"
"4","1751","6"
"3","1752","5"
"3","1753","7"
"1","1754","3"
"2","1755","7"
"0","1756","7"
"4","1757","5"
"0","1758","7"
"1","1759","0"
"2","1760","2"
"0","1761","3"
"4","1762","6"
"2","1763","2"
"2","1764","1"
"3","1765","4"
"3","1766","6"
"1","1767","1"
"2","1768","4"
"0","1769","7"
"3","1770","8"
"4","1771","3"
"1","1772","7"
"2","1773","10"
"3","1774","3"
"2","1775","4"
"0","1776","1"
"2","1777","8"
"1","1778","3"
"2","1779","2"
"1","1780","10"
"0","1781","7"
"4","1782","9"
"3","1783","5"
"3","1784","6"
"0","1785","5"
"3","1786","6"
"0","1787","4"
"2","1788","0"
"4","1789","7"
"0","1790","4"
"3","1791","6"
"2","1792","0"
"4","1793","5"
"2","1794","2"
"3","1795","9"
"1","1796","10"
"1","1797","2"
"3","1798","10"
"4","1799","3"
"4","1800","5"
"0","1801","6"
"0","1802","7"
"1","1803","4"
"0","1804","10"
"0","1805","0"
"4","1806","1"
"4","1807","9"
"2","1808","5"
"1","1809","2"
"1","1810","2"
"2","1811","4"
"3","1812","6"
"0","1813","0"
"4","1814","3"
"1","1815","2"
"0","1816","6"
"2","1817","7"
"3","1818","3"
"1","1819","6"
"0","1820","9"
"2","1821","9"
"0","1822","1"
"0","1823","2"
"2","1824","8"
"4","1825","7"
"2","1826","7"
"4","1827","10"
"2","1828","10"
"2","1829","0"
"1","1830","1"
"2","1831","7"
"1","1832","5"
"4","1833","7"
"2","1834","4"
"0","1835","3"
"1","1836","8"
"3","1837","7"
"0","1838","7"
"2","1839","2"
"1","1840","0"
"2","1841","2"
"0","1842","1"
"2","1843","1"
"3","1844","9"
"3","1845","8"
"2","1846","8"
"0","1847","4"
"4","1848","7"
"2","1849","1"
"2","1850","7"
"2","1851","8"
"3","1852","2"
"2","1853","8"
"4","1854","6"
"1","1855","7"
"4","1856","6"
"1","1857","2"
"0","1858","1"
"1","1859","3"
"2","1860","9"
"0","1861","10"
"4","1862","8"
"4","1863","0"
"3","1864","0"
"3","1865","5"
"2","1866","10"
"4","1867","4"
"2","1868","7"
"2","1869","9"
"4","1870","9"
"3","1871","10"
"0","1872","10"
"0","1873","4"
"1","1874","6"
"4","1875","7"
"0","1876","3"
"0","1877","9"
"3","1878","7"
"0","1879","4"
"0","1880","1"
"3","1881","8"
"0","1882","7"
"0","1883","7"
"1","1884","0"
"3","1885","5"
"0","1886","5"
"0","1887","2"
"1","1888","5"
"3","1889","4"
"0","1890","6"
"2","1891","4"
"2","1892","4"
"2","1893","8"
"4","1894","0"
"0","1895","10"
"1","1896","10"
"2","1897","7"
"2","1898","7"
"2","1899","6"
"2","1900","5"
"1","1901","10"
"1","1902","1"
"3","1903","1"
"4","1904","3"
"1","1905","3"
"4","1906","1"
"4","1907","4"
"3","1908","10"
"3","1909","8"
"1","1910","2"
"1","1911","10"
"3","1912","10"
"3","1913","10"
"4","1914","1"
"1","1915","8"
"2","1916","8"
"4","1917","1"
"3","1918","5"
"1","1919","4"
"3","1920","5"
"2","1921","2"
"1","1922","1"
"1","1923","8"
"1","1924","5"
"3","1925","5"
"4","1926","6"
"1","1927","8"
"0","1928","7"
"0","1929","5"
"1","1930","9"
"3","1931","6"
"3","1932","0"
"1","1933","6"
"2","1934","1"
"3","1935","8"
"3","1936","6"
"3","1937","3"
"2","1938","1"
"1","1939","6"
"4","1940","0"
"2","1941","6"
"2","1942","10"
"3","1943","5"
"2","1944","10"
"3","1945","9"
"0","1946","3"
"1","1947","9"
"4","1948","7"
"3","1949","3"
"4","1950","5"
"0","1951","2"
"3","1952","10"
"4","1953","8"
"4","1954","9"
"0","1955","10"
"3","1956","3"
"3","1957","0"
"3","1958","6"
"2","1959","0"
"0","1960","1"
"0","1961","8"
"1","1962","4"
"4","1963","2"
"1","1964","1"
"2","1965","10"
"2","1966","5"
"3","1967","4"
"1","1968","7"
"3","1969","4"
"0","1970","10"
"1","1971","8"
"0","1972","7"
"3","1973","7"
"4","1974","1"
"4","1975","5"
"0","1976","2"
"3","1977","9"
"3","1978","6"
"3","1979","6"
"1","1980","1"
"2","1981","3"
"3","1982","1"
"2","1983","8"
"1","1984","8"
"1","1985","6"
"2","1986","10"
"0","1987","5"
"4","1988","7"
"0","1989","4"
"4","1990","5"
"4","1991","8"
"4","1992","0"
"0","1993","5"
"4","1994","7"
"2","1995","9"
"3","1996","0"
"3","1997","2"
"3","1998","2"
"1","1999","3"
"0","2000","3"
"4","2001","5"
"3","2002","5"
"3","2003","3"
"1","2004","1"
"1","2005","10"
"4","2006","7"
"0","2007","9"
"2","2008","2"
"4","2009","6"
"0","2010","0"
"0","2011","6"
"1","2012","2"
"0","2013","9"
"0","2014","1"
"2","2015","10"
"1","2016","7"
"0","2017","0"
"0","2018","1"
"2","2019","10"
"3","2020","6"
"3","2021","0"
"4","2022","5"
"4","2023","2"
"2","2024","0"
"4","2025","6"
"0","2026","10"
"2","2027","4"
"2","2028","3"
"4","2029","4"
"3","2030","4"
"4","2031","2"
"4","2032","0"
"1","2033","8"
"1","2034","3"
"0","2035","7"
"1","2036","9"
"0","2037","5"
"2","2038","6"
"0","2039","8"
"4","2040","6"
"1","2041","7"
"4","2042","10"
"4","2043","0"
"4","2044","10"
"1","2045","0"
"3","2046","1"
"0","2047","1"
"0","2048","10"
"3","2049","0"
"4","2050","10"
"4","2051","9"
"3","2052","8"
"3","2053","8"
"3","2054","4"
"3","2055","8"
"3","2056","7"
"0","2057","7"
"1","2058","2"
"1","2059","6"
"3","2060","1"
"2","2061","3"
"0","2062","8"
"4","2063","10"
"0","2064","0"
"0","2065","5"
"0","2066","2"
"3","2067","9"
"0","2068","6"
"3","2069","0"
"1","2070","6"
"3","2071","8"
"1","2072","0"
"3","2073","4"
"0","2074","6"
"0","2075","2"
"3","2076","0"
"3","2077","1"
"3","2078","10"
"2","2079","9"
"0","2080","7"
"3","2081","9"
"0","2082","5"
"3","2083","0"
"3","2084","5"
"1","2085","4"
"1","2086","6"
"3","2087","3"
"2","2088","3"
"1","2089","3"
"1","2090","3"
"4","2091","10"
"2","2092","3"
"1","2093","5"
"0","2094","7"
"3","2095","2"
"1","2096","3"
"2","2097","1"
"0","2098","7"
"4","2099","8"
"1","2100","1"
"3","2101","6"
"1","2102","1"
"0","2103","10"
"1","2104","0"
"3","2105","1"
"4","2106","4"
"3","2107","2"
"2","2108","1"
"2","2109","1"
"1","2110","5"
"4","2111","3"
"0","2112","7"
"3","2113","3"
"3","2114","4"
"3","2115","4"
"3","2116","8"
"1","2117","2"
"0","2118","7"
"1","2119","2"
"0","2120","0"
"4","2121","6"
"0","2122","9"
"4","2123","5"
"4","2124","9"
"1","2125","4"
"2","2126","7"
"4","2127","9"
"0","2128","0"
"3","2129","0"
"3","2130","10"
"2","2131","8"
"1","2132","6"
"1","2133","4"
"2","2134","2"
"2","2135","2"
"1","2136","9"
"0","2137","3"
"4","2138","7"
"4","2139","4"
"0","2140","7"
"0","2141","10"
"2","2142","4"
"3","2143","4"
"1","2144","1"
"4","2145","9"
"1","2146","2"
"2","2147","2"
"2","2148","3"
"2","2149","2"
"3","2150","2"
"2","2151","1"
"4","2152","3"
"0","2153","6"
"3","2154","5"
"4","2155","0"
"4","2156","5"
"4","2157","6"
"1","2158","2"
"3","2159","8"
"3","2160","5"
"4","2161","2"
"3","2162","1"
"3","2163","4"
"4","2164","6"
"2","2165","8"
"2","2166","4"
"4","2167","0"
"3","2168","4"
"4","2169","4"
"4","2170","3"
"3","2171","0"
"4","2172","0"
"0","2173","3"
"4","2174","8"
"1","2175","4"
"3","2176","1"
"0","2177","5"
"3","2178","2"
"3","2179","10"
"2","2180","1"
"1","2181","6"
"4","2182","2"
"3","2183","10"
"2","2184","6"
"3","2185","5"
"3","2186","0"
"0","2187","2"
"1","2188","10"
"3","2189","7"
"3","2190","0"
"3","2191","0"
"0","2192","1"
"1","2193","10"
"4","2194","4"
"1","2195","6"
"3","2196","7"
"4","2197","9"
"2","2198","4"
"3","2199","8"
"0","2200","9"
"4","2201","2"
"4","2202","9"
"0","2203","0"
"2","2204","0"
"3","2205","4"
"4","2206","7"
"4","2207","7"
"1","2208","2"
"1","2209","2"
"1","2210","4"
"3","2211","4"
"2","2212","9"
"1","2213","9"
"3","2214","9"
"2","2215","5"
"2","2216","9"
"0","2217","5"
"3","2218","2"
"1","2219","4"
"4","2220","6"
"1","2221","3"
"0","2222","2"
"0","2223","9"
"1","2224","10"
"0","2225","10"
"1","2226","9"
"0","2227","0"
"3","2228","0"
"0","2229","4"
"2","2230","6"
"4","2231","3"
"1","2232","0"
"4","2233","2"
"1","2234","0"
"3","2235","3"
"3","2236","9"
"2","2237","2"
"2","2238","0"
"3","2239","0"
"0","2240","5"
"2","2241","4"
"3","2242","2"
"1","2243","3"
"0","2244","7"
"3","2245","0"
"2","2246","5"
"0","2247","4"
"2","2248","8"
"4","2249","5"
"1","2250","10"
"4","2251","0"
"3","2252","7"
"3","2253","5"
"1","2254","7"
"3","2255","1"
"1","2256","8"
"3","2257","6"
"3","2258","3"
"4","2259","10"
"1","2260","10"
"3","2261","4"
"4","2262","8"
"2","2263","5"
"0","2264","7"
"2","2265","7"
"3","2266","8"
"1","2267","6"
"4","2268","1"
"1","2269","3"
"2","2270","4"
"0","2271","6"
"4","2272","3"
"2","2273","9"
"2","2274","3"
"3","2275","9"
"0","2276","5"
"3","2277","5"
"0","2278","10"
"2","2279","6"
"1","2280","8"
"3","2281","7"
"3","2282","0"
"3","2283","10"
"3","2284","1"
"3","2285","3"
"2","2286","8"
"4","2287","1"
"0","2288","1"
"1","2289","6"
"3","2290","9"
"4","2291","3"
"4","2292","10"
"3","2293","9"
"3","2294","2"
"1","2295","5"
"0","2296","0"
"4","2297","1"
"1","2298","5"
"2","2299","8"
"2","2300","7"
"4","2301","9"
"0","2302","5"
"1","2303","7"
"4","2304","3"
"3","2305","5"
"1","2306","3"
"2","2307","5"
"4","2308","0"
"1","2309","5"
"4","2310","1"
"1","2311","3"
"2","2312","8"
"1","2313","1"
"4","2314","0"
"4","2315","4"
"4","2316","10"
"2","2317","6"
"0","2318","1"
"2","2319","0"
"0","2320","0"
"1","2321","4"
"3","2322","5"
"0","2323","3"
"1","2324","2"
"0","2325","7"
"1","2326","0"
"0","2327","4"
"3","2328","8"
"3","2329","4"
"3","2330","9"
"4","2331","3"
"3","2332","6"
"0","2333","8"
"4","2334","3"
"4","2335","6"
"0","2336","8"
"0","2337","5"
"0","2338","1"
"1","2339","10"
"4","2340","6"
"1","2341","10"
"0","2342","6"
"1","2343","10"
"1","2344","7"
"2","2345","6"
"3","2346","4"
"3","2347","10"
"1","2348","0"
"0","2349","8"
"0","2350","8"
"2","2351","9"
"2","2352","8"
"0","2353","1"
"2","2354","0"
"2","2355","6"
"1","2356","9"
"2","2357","1"
"4","2358","7"
"1","2359","3"
"1","2360","10"
"4","2361","10"
"2","2362","0"
"2","2363","3"
"0","2364","1"
"1","2365","8"
"3","2366","0"
"1","2367","9"
"3","2368","6"
"1","2369","4"
"0","2370","5"
"3","2371","0"
"1","2372","6"
"0","2373","2"
"1","2374","4"
"0","2375","5"
"2","2376","1"
"4","2377","10"
"0","2378","1"
"0","2379","6"
"0","2380","2"
"3","2381","1"
"0","2382","7"
"1","2383","3"
"4","2384","0"
"2","2385","10"
"2","2386","1"
"4","2387","9"
"2","2388","0"
"0","2389","5"
"0","2390","10"
"1","2391","3"
"0","2392","10"
"4","2393","5"
"1","2394","7"
"2","2395","6"
"4","2396","1"
"4","2397","9"
"1","2398","0"
"4","2399","0"
"1","2400","5"
"3","2401","9"
"2","2402","2"
"3","2403","10"
"0","2404","2"
"1","2405","7"
"0","2406","4"
"4","2407","1"
"1","2408","8"
"1","2409","5"
"2","2410","5"
"0","2411","3"
"2","2412","5"
"0","2413","10"
"1","2414","2"
"4","2415","2"
"4","2416","2"
"2","2417","7"
"1","2418","9"
"4","2419","2"
"0","2420","0"
"4","2421","1"
"1","2422","0"
"1","2423","5"
"1","2424","1"
"0","2425","9"
"4","2426","5"
"2","2427","3"
"0","2428","1"
"0","2429","0"
"0","2430","0"
"3","2431","1"
"0","2432","6"
"0","2433","7"
"2","2434","5"
"4","2435","3"
"1","2436","5"
"3","2437","10"
"2","2438","9"
"1","2439","5"
"0","2440","7"
"4","2441","7"
"4","2442","5"
"1","2443","4"
"2","2444","5"
"0","2445","4"
"2","2446","3"
"0","2447","5"
"0","2448","9"
"0","2449","0"
"2","2450","1"
"2","2451","0"
"2","2452","3"
"2","2453","10"
"4","2454","8"
"1","2455","6"
"0","2456","1"
"1","2457","2"
"4","2458","4"
"2","2459","2"
"2","2460","4"
"2","2461","0"
"0","2462","2"
"4","2463","7"
"2","2464","2"
"3","2465","6"
"0","2466","1"
"2","2467","7"
"3","2468","0"
"1","2469","0"
"0","2470","4"
"2","2471","8"
"4","2472","5"
"1","2473","1"
"3","2474","8"
"2","2475","5"
"1","2476","9"
"2","2477","2"
"2","2478","4"
"0","2479","5"
"0","2480","2"
"4","2481","8"
"2","2482","6"
"2","2483","8"
"1","2484","2"
"1","2485","9"
"0","2486","8"
"1","2487","9"
"4","2488","4"
"3","2489","1"
"3","2490","1"
"2","2491","6"
"1","2492","7"
"4","2493","10"
"0","2494","5"
"2","2495","6"
"4","2496","10"
"3","2497","0"
"1","2498","9"
"2","2499","6"
