"85","0","https://images.squarespace-cdn.com/content/v1/5a5d344cb7411c8b282df032/1626121126360-VTU3UMXBLVKG0KJ1V4OK/unsplash-image-ITi2yqiwtBM.jpg?format=2500w"
"27","1","https://i.insider.com/5c799c56eb3ce834ad57b632?width=750&format=jpeg&auto=webp"
"80","2","https://imgs.michaels.com/MAM/assets/1/726D45CA1C364650A39CD1B336F03305/img/91F89859AE004153A24E7852F8666F0F/10093625_r.jpg?fit=inside|540:540"
"67","3","https://americanpetsalive.org/uploads/blog/Healthy-Kittens.jpg"
"73","4","https://www.rd.com/wp-content/uploads/2021/03/GettyImages-1133605325-scaled-e1617227898456.jpg"
"20","5","https://www.rd.com/wp-content/uploads/2021/03/GettyImages-1133605325-scaled-e1617227898456.jpg"
"3","6","https://hips.hearstapps.com/hmg-prod/images/delish-bucatinipasta-028-ls-1607552701.jpg"
"83","7","https://pisces.bbystatic.com/image2/BestBuy_US/images/products/6428/6428998_sd.jpg"
"69","8","https://www.roanoke.edu/images/campusrec/McAfee_Olivia.jpg"
"9","9","https://static.stacker.com/s3fs-public/2020-03/English%20Lab%20Puppy%20%281%29.png"
"22","10","https://therecipecritic.com/wp-content/uploads/2019/07/easy_fried_rice-1-500x500.jpg"
"95","11","https://m.media-amazon.com/images/I/61BsCX+8nIL._AC_UX385_.jpg"
"63","12","https://spca.bc.ca/wp-content/uploads/news-kittens.jpg"
"86","13","https://hips.hearstapps.com/hmg-prod.s3.amazonaws.com/images/gray-sweats-1631821743.jpg?crop=1.00xw:1.00xh;0,0&resize=1200:*"
"51","14","https://imgs.michaels.com/MAM/assets/1/726D45CA1C364650A39CD1B336F03305/img/91F89859AE004153A24E7852F8666F0F/10093625_r.jpg?fit=inside|540:540"
"10","15","https://www.roanoke.edu/images/campusrec/McAfee_Olivia.jpg"
"20","16","https://www.csun.edu/sites/default/files/AS-Earth_Month-Outdoor_Online.jpg"
"58","17","https://upload.wikimedia.org/wikipedia/commons/a/a3/Eq_it-na_pizza-margherita_sep2005_sml.jpg"
"98","18","https://www.history.com/.image/ar_1:1%2Cc_fill%2Ccs_srgb%2Cfl_progressive%2Cq_auto:good%2Cw_1200/MTU3ODc4NTk4NjgxNjM0NTI3/hith-art-heists-scream-2.jpg"
"12","19","https://www.seriouseats.com/thmb/GSqpVkulyUZu-D6sPijmbFV_f4s=/1500x1125/filters:fill(auto,1)/__opt__aboutcom__coeus__resources__content_migration__serious_eats__seriouseats.com__2020__03__20200224-carretteira-pasta-vicky-wasik-21-ffe68515b25f4b348cbde845a59d6a62.jpg"
"43","20","https://www.seriouseats.com/thmb/GSqpVkulyUZu-D6sPijmbFV_f4s=/1500x1125/filters:fill(auto,1)/__opt__aboutcom__coeus__resources__content_migration__serious_eats__seriouseats.com__2020__03__20200224-carretteira-pasta-vicky-wasik-21-ffe68515b25f4b348cbde845a59d6a62.jpg"
"12","21","https://www.budgetbytes.com/wp-content/uploads/2013/07/Creamy-Spinach-Tomato-Pasta-bowl.jpg"
"7","22","https://www.roanoke.edu/images/campusrec/McAfee_Olivia.jpg"
"59","23","https://images.unsplash.com/photo-1543039625-14cbd3802e7d?ixlib=rb-1.2.1&ixid=MnwxMjA3fDB8MHxzZWFyY2h8Mnx8b3V0ZG9vcnxlbnwwfHwwfHw%3D&w=1000&q=80"
"20","24","https://images.boardriders.com/global/billabong-products/all/default/hi-res/m302vbap_billabong,f_nvy_frt1.jpg"
"14","25","https://ih1.redbubble.net/image.482432505.2782/fposter,small,wall_texture,product,750x1000.jpg"
"39","26","https://imgs.michaels.com/MAM/assets/1/726D45CA1C364650A39CD1B336F03305/img/91F89859AE004153A24E7852F8666F0F/10093625_r.jpg?fit=inside|540:540"
"67","27","https://art.art/wp-content/uploads/2021/09/fatcat_art.jpg"
"39","28","https://images.unsplash.com/photo-1543039625-14cbd3802e7d?ixlib=rb-1.2.1&ixid=MnwxMjA3fDB8MHxzZWFyY2h8Mnx8b3V0ZG9vcnxlbnwwfHwwfHw%3D&w=1000&q=80"
"97","29","https://www.simplyrecipes.com/thmb/8caxM88NgxZjz-T2aeRW3xjhzBg=/2000x1125/smart/filters:no_upscale()/__opt__aboutcom__coeus__resources__content_migration__simply_recipes__uploads__2019__09__easy-pepperoni-pizza-lead-3-8f256746d649404baa36a44d271329bc.jpg"
"73","30","https://ih1.redbubble.net/image.482432505.2782/fposter,small,wall_texture,product,750x1000.jpg"
"5","31","https://images.prismic.io/frameworkmarketplace/cca31de3-3b75-4932-af96-7646b7eba6c7__DSC3630-Edit-cropped.jpg?auto=compress,format"
"29","32","https://i5.walmartimages.com/asr/bb3c4eb0-0ada-4cef-8b5f-97a11fa7ef0f.2d3805e39285bde9b9884e68e76e3608.jpeg"
"78","33","https://therecipecritic.com/wp-content/uploads/2019/07/easy_fried_rice-1-500x500.jpg"
"48","34","https://images.squarespace-cdn.com/content/v1/5a5d344cb7411c8b282df032/1626121126360-VTU3UMXBLVKG0KJ1V4OK/unsplash-image-ITi2yqiwtBM.jpg?format=2500w"
"66","35","https://ih1.redbubble.net/image.482432505.2782/fposter,small,wall_texture,product,750x1000.jpg"
"52","36","https://m.media-amazon.com/images/I/51JISPYJlwL._AC_UX385_.jpg"
"65","37","https://images.japancentre.com/recipes/pics/18/main/makisushi.jpg?1557308201"
"9","38","https://i.insider.com/5c799c56eb3ce834ad57b632?width=750&format=jpeg&auto=webp"
"80","39","https://s23209.pcdn.co/wp-content/uploads/2013/10/IMG_4012edit1.jpg"
"83","40","https://media.cntraveler.com/photos/603fc7a599ab9b035e060f47/7:10/w_1260,h_1800,c_limit/OutdoorBrands-EddieBauer-2021-1.jpg"
"25","41","https://ih1.redbubble.net/image.482432505.2782/fposter,small,wall_texture,product,750x1000.jpg"
"2","42","https://m.media-amazon.com/images/I/71GxclaDNsL._AC_UX342_.jpg"
"23","43","https://www.rd.com/wp-content/uploads/2021/03/GettyImages-1133605325-scaled-e1617227898456.jpg"
"21","44","https://www.roanoke.edu/images/campusrec/McAfee_Olivia.jpg"
"4","45","https://www.akc.org/wp-content/uploads/2017/11/Labrador-Retriever-MP-500x486.jpg"
"4","46","https://m.media-amazon.com/images/I/61fiCzz6rdL._AC_UY445_.jpg"
"66","47","https://images.squarespace-cdn.com/content/v1/5a5d344cb7411c8b282df032/1626121126360-VTU3UMXBLVKG0KJ1V4OK/unsplash-image-ITi2yqiwtBM.jpg?format=2500w"
"72","48","https://images.boardriders.com/global/billabong-products/all/default/hi-res/m302vbap_billabong,f_nvy_frt1.jpg"
"4","49","https://upload.wikimedia.org/wikipedia/commons/a/a3/Eq_it-na_pizza-margherita_sep2005_sml.jpg"
"98","50","https://media.cntraveler.com/photos/603fc7a599ab9b035e060f47/7:10/w_1260,h_1800,c_limit/OutdoorBrands-EddieBauer-2021-1.jpg"
"20","51","https://www.csun.edu/sites/default/files/AS-Earth_Month-Outdoor_Online.jpg"
"66","52","https://i.pinimg.com/originals/5b/b4/8b/5bb48b07fa6e3840bb3afa2bc821b882.jpg"
"53","53","https://pisces.bbystatic.com/image2/BestBuy_US/images/products/6428/6428998_sd.jpg"
"27","54","https://s23209.pcdn.co/wp-content/uploads/2013/10/IMG_4012edit1.jpg"
"27","55","https://pyxis.nymag.com/v1/imgs/a59/90b/ed419e06a1d46f317e4bb4f26c1f0ec78b-tshirt-ODE.rsquare.w1200.jpg"
"96","56","https://pyxis.nymag.com/v1/imgs/a59/90b/ed419e06a1d46f317e4bb4f26c1f0ec78b-tshirt-ODE.rsquare.w1200.jpg"
"63","57","https://i.pinimg.com/474x/83/9a/08/839a0809148a30d5ac5a835dd90cb79f.jpg"
"85","58","https://spca.bc.ca/wp-content/uploads/news-kittens.jpg"
"83","59","https://www.akc.org/wp-content/uploads/2017/11/Labrador-Retriever-MP-500x486.jpg"
"37","60","https://i.pinimg.com/474x/83/9a/08/839a0809148a30d5ac5a835dd90cb79f.jpg"
"53","61","https://images.boardriders.com/global/billabong-products/all/default/hi-res/m302vbap_billabong,f_nvy_frt1.jpg"
"49","62","https://i.pinimg.com/originals/5b/b4/8b/5bb48b07fa6e3840bb3afa2bc821b882.jpg"
"72","63","https://i5.walmartimages.com/asr/bb3c4eb0-0ada-4cef-8b5f-97a11fa7ef0f.2d3805e39285bde9b9884e68e76e3608.jpeg"
"18","64","https://s23209.pcdn.co/wp-content/uploads/2013/10/IMG_4012edit1.jpg"
"88","65","https://i.pinimg.com/474x/83/9a/08/839a0809148a30d5ac5a835dd90cb79f.jpg"
"58","66","https://i.pinimg.com/originals/5b/b4/8b/5bb48b07fa6e3840bb3afa2bc821b882.jpg"
"21","67","https://ih1.redbubble.net/image.482432505.2782/fposter,small,wall_texture,product,750x1000.jpg"
"99","68","https://www.history.com/.image/ar_1:1%2Cc_fill%2Ccs_srgb%2Cfl_progressive%2Cq_auto:good%2Cw_1200/MTU3ODc4NTk4NjgxNjM0NTI3/hith-art-heists-scream-2.jpg"
"28","69","https://hips.hearstapps.com/hmg-prod.s3.amazonaws.com/images/gray-sweats-1631821743.jpg?crop=1.00xw:1.00xh;0,0&resize=1200:*"
"15","70","https://ih1.redbubble.net/image.482432505.2782/fposter,small,wall_texture,product,750x1000.jpg"
"80","71","https://images.unsplash.com/photo-1543039625-14cbd3802e7d?ixlib=rb-1.2.1&ixid=MnwxMjA3fDB8MHxzZWFyY2h8Mnx8b3V0ZG9vcnxlbnwwfHwwfHw%3D&w=1000&q=80"
"96","72","https://americanpetsalive.org/uploads/blog/Healthy-Kittens.jpg"
"95","73","https://upload.wikimedia.org/wikipedia/commons/4/40/Heyward_lines_into_double_play_%2828356212176%29.jpg"
"90","74","https://pisces.bbystatic.com/image2/BestBuy_US/images/products/6428/6428998_sd.jpg"
"85","75","https://www.csun.edu/sites/default/files/AS-Earth_Month-Outdoor_Online.jpg"
"79","76","https://hips.hearstapps.com/hmg-prod.s3.amazonaws.com/images/gray-sweats-1631821743.jpg?crop=1.00xw:1.00xh;0,0&resize=1200:*"
"76","77","https://i5.walmartimages.com/asr/bb3c4eb0-0ada-4cef-8b5f-97a11fa7ef0f.2d3805e39285bde9b9884e68e76e3608.jpeg"
"87","78","https://www.budgetbytes.com/wp-content/uploads/2013/07/Creamy-Spinach-Tomato-Pasta-bowl.jpg"
"42","79","https://www.csun.edu/sites/default/files/AS-Earth_Month-Outdoor_Online.jpg"
"97","80","https://pisces.bbystatic.com/image2/BestBuy_US/images/products/6428/6428998_sd.jpg"
"6","81","https://hips.hearstapps.com/hmg-prod.s3.amazonaws.com/images/gray-sweats-1631821743.jpg?crop=1.00xw:1.00xh;0,0&resize=1200:*"
"96","82","https://images.unsplash.com/photo-1543039625-14cbd3802e7d?ixlib=rb-1.2.1&ixid=MnwxMjA3fDB8MHxzZWFyY2h8Mnx8b3V0ZG9vcnxlbnwwfHwwfHw%3D&w=1000&q=80"
"31","83","https://art.art/wp-content/uploads/2021/09/fatcat_art.jpg"
"30","84","https://images.prismic.io/frameworkmarketplace/cca31de3-3b75-4932-af96-7646b7eba6c7__DSC3630-Edit-cropped.jpg?auto=compress,format"
"29","85","https://www.budgetbytes.com/wp-content/uploads/2013/07/Creamy-Spinach-Tomato-Pasta-bowl.jpg"
"64","86","https://m.media-amazon.com/images/I/51JISPYJlwL._AC_UX385_.jpg"
"97","87","https://media.cntraveler.com/photos/603fc7a599ab9b035e060f47/7:10/w_1260,h_1800,c_limit/OutdoorBrands-EddieBauer-2021-1.jpg"
"5","88","https://art.art/wp-content/uploads/2021/09/fatcat_art.jpg"
"48","89","https://images.unsplash.com/photo-1543039625-14cbd3802e7d?ixlib=rb-1.2.1&ixid=MnwxMjA3fDB8MHxzZWFyY2h8Mnx8b3V0ZG9vcnxlbnwwfHwwfHw%3D&w=1000&q=80"
"7","90","https://www.simplyrecipes.com/thmb/8caxM88NgxZjz-T2aeRW3xjhzBg=/2000x1125/smart/filters:no_upscale()/__opt__aboutcom__coeus__resources__content_migration__simply_recipes__uploads__2019__09__easy-pepperoni-pizza-lead-3-8f256746d649404baa36a44d271329bc.jpg"
"28","91","https://m.media-amazon.com/images/I/71GxclaDNsL._AC_UX342_.jpg"
"20","92","https://www.glutenfreepalate.com/wp-content/uploads/2018/08/Gluten-Free-Pizza-3.2-480x360.jpg"
"89","93","https://images.unsplash.com/photo-1543039625-14cbd3802e7d?ixlib=rb-1.2.1&ixid=MnwxMjA3fDB8MHxzZWFyY2h8Mnx8b3V0ZG9vcnxlbnwwfHwwfHw%3D&w=1000&q=80"
"9","94","https://www.simplyrecipes.com/thmb/8caxM88NgxZjz-T2aeRW3xjhzBg=/2000x1125/smart/filters:no_upscale()/__opt__aboutcom__coeus__resources__content_migration__simply_recipes__uploads__2019__09__easy-pepperoni-pizza-lead-3-8f256746d649404baa36a44d271329bc.jpg"
"78","95","https://www.simplyrecipes.com/thmb/8caxM88NgxZjz-T2aeRW3xjhzBg=/2000x1125/smart/filters:no_upscale()/__opt__aboutcom__coeus__resources__content_migration__simply_recipes__uploads__2019__09__easy-pepperoni-pizza-lead-3-8f256746d649404baa36a44d271329bc.jpg"
"28","96","https://lh6.ggpht.com/HlgucZ0ylJAfZgusynnUwxNIgIp5htNhShF559x3dRXiuy_UdP3UQVLYW6c=s1200"
"53","97","https://m.media-amazon.com/images/I/71GxclaDNsL._AC_UX342_.jpg"
"58","98","https://static.stacker.com/s3fs-public/2020-03/English%20Lab%20Puppy%20%281%29.png"
"10","99","https://www.csun.edu/sites/default/files/AS-Earth_Month-Outdoor_Online.jpg"
"79","100","https://ih1.redbubble.net/image.482432505.2782/fposter,small,wall_texture,product,750x1000.jpg"
"32","101","https://pyxis.nymag.com/v1/imgs/a59/90b/ed419e06a1d46f317e4bb4f26c1f0ec78b-tshirt-ODE.rsquare.w1200.jpg"
"93","102","https://upload.wikimedia.org/wikipedia/commons/4/40/Heyward_lines_into_double_play_%2828356212176%29.jpg"
"78","103","https://images.prismic.io/frameworkmarketplace/cca31de3-3b75-4932-af96-7646b7eba6c7__DSC3630-Edit-cropped.jpg?auto=compress,format"
"73","104","https://www.simplyrecipes.com/thmb/8caxM88NgxZjz-T2aeRW3xjhzBg=/2000x1125/smart/filters:no_upscale()/__opt__aboutcom__coeus__resources__content_migration__simply_recipes__uploads__2019__09__easy-pepperoni-pizza-lead-3-8f256746d649404baa36a44d271329bc.jpg"
"29","105","https://m.media-amazon.com/images/I/61BsCX+8nIL._AC_UX385_.jpg"
"7","106","https://i.pinimg.com/736x/7a/15/52/7a155238ab97bf76ef1509f4a55242de.jpg"
"33","107","https://www.history.com/.image/ar_1:1%2Cc_fill%2Ccs_srgb%2Cfl_progressive%2Cq_auto:good%2Cw_1200/MTU3ODc4NTk4NjgxNjM0NTI3/hith-art-heists-scream-2.jpg"
"23","108","https://hips.hearstapps.com/hmg-prod/images/delish-bucatinipasta-028-ls-1607552701.jpg"
"37","109","https://images.japancentre.com/recipes/pics/18/main/makisushi.jpg?1557308201"
"60","110","https://hips.hearstapps.com/hmg-prod.s3.amazonaws.com/images/gray-sweats-1631821743.jpg?crop=1.00xw:1.00xh;0,0&resize=1200:*"
"29","111","https://www.history.com/.image/ar_1:1%2Cc_fill%2Ccs_srgb%2Cfl_progressive%2Cq_auto:good%2Cw_1200/MTU3ODc4NTk4NjgxNjM0NTI3/hith-art-heists-scream-2.jpg"
"57","112","https://images.squarespace-cdn.com/content/v1/5a5d344cb7411c8b282df032/1626121126360-VTU3UMXBLVKG0KJ1V4OK/unsplash-image-ITi2yqiwtBM.jpg?format=2500w"
"5","113","https://www.roanoke.edu/images/campusrec/McAfee_Olivia.jpg"
"78","114","https://i5.walmartimages.com/asr/bb3c4eb0-0ada-4cef-8b5f-97a11fa7ef0f.2d3805e39285bde9b9884e68e76e3608.jpeg"
"78","115","https://upload.wikimedia.org/wikipedia/commons/a/a3/Eq_it-na_pizza-margherita_sep2005_sml.jpg"
"17","116","https://pyxis.nymag.com/v1/imgs/a59/90b/ed419e06a1d46f317e4bb4f26c1f0ec78b-tshirt-ODE.rsquare.w1200.jpg"
"10","117","https://www.roanoke.edu/images/campusrec/McAfee_Olivia.jpg"
"50","118","https://imgs.michaels.com/MAM/assets/1/726D45CA1C364650A39CD1B336F03305/img/91F89859AE004153A24E7852F8666F0F/10093625_r.jpg?fit=inside|540:540"
"57","119","https://i5.walmartimages.com/asr/bb3c4eb0-0ada-4cef-8b5f-97a11fa7ef0f.2d3805e39285bde9b9884e68e76e3608.jpeg"
"25","120","https://upload.wikimedia.org/wikipedia/commons/a/a3/Eq_it-na_pizza-margherita_sep2005_sml.jpg"
"51","121","https://www.rd.com/wp-content/uploads/2021/03/GettyImages-1133605325-scaled-e1617227898456.jpg"
"71","122","https://i.insider.com/5c799c56eb3ce834ad57b632?width=750&format=jpeg&auto=webp"
"42","123","https://americanpetsalive.org/uploads/blog/Healthy-Kittens.jpg"
"83","124","https://i.pinimg.com/originals/5b/b4/8b/5bb48b07fa6e3840bb3afa2bc821b882.jpg"
"48","125","https://www.budgetbytes.com/wp-content/uploads/2013/07/Creamy-Spinach-Tomato-Pasta-bowl.jpg"
"8","126","https://i.pinimg.com/originals/5b/b4/8b/5bb48b07fa6e3840bb3afa2bc821b882.jpg"
"72","127","https://www.csun.edu/sites/default/files/AS-Earth_Month-Outdoor_Online.jpg"
"36","128","https://images.prismic.io/frameworkmarketplace/cca31de3-3b75-4932-af96-7646b7eba6c7__DSC3630-Edit-cropped.jpg?auto=compress,format"
"89","129","https://upload.wikimedia.org/wikipedia/commons/a/a3/Eq_it-na_pizza-margherita_sep2005_sml.jpg"
"65","130","https://i.pinimg.com/originals/5b/b4/8b/5bb48b07fa6e3840bb3afa2bc821b882.jpg"
"50","131","https://www.simplyrecipes.com/thmb/8caxM88NgxZjz-T2aeRW3xjhzBg=/2000x1125/smart/filters:no_upscale()/__opt__aboutcom__coeus__resources__content_migration__simply_recipes__uploads__2019__09__easy-pepperoni-pizza-lead-3-8f256746d649404baa36a44d271329bc.jpg"
"47","132","https://lh6.ggpht.com/HlgucZ0ylJAfZgusynnUwxNIgIp5htNhShF559x3dRXiuy_UdP3UQVLYW6c=s1200"
"12","133","https://americanpetsalive.org/uploads/blog/Healthy-Kittens.jpg"
"73","134","https://www.roanoke.edu/images/campusrec/McAfee_Olivia.jpg"
"96","135","https://m.media-amazon.com/images/I/51JISPYJlwL._AC_UX385_.jpg"
"69","136","https://imgs.michaels.com/MAM/assets/1/726D45CA1C364650A39CD1B336F03305/img/91F89859AE004153A24E7852F8666F0F/10093625_r.jpg?fit=inside|540:540"
"56","137","https://static.stacker.com/s3fs-public/2020-03/English%20Lab%20Puppy%20%281%29.png"
"8","138","https://i.insider.com/5c799c56eb3ce834ad57b632?width=750&format=jpeg&auto=webp"
"64","139","https://i.pinimg.com/originals/5b/b4/8b/5bb48b07fa6e3840bb3afa2bc821b882.jpg"
"21","140","https://upload.wikimedia.org/wikipedia/commons/a/a3/Eq_it-na_pizza-margherita_sep2005_sml.jpg"
"25","141","https://m.media-amazon.com/images/I/61fiCzz6rdL._AC_UY445_.jpg"
"40","142","https://pisces.bbystatic.com/image2/BestBuy_US/images/products/6428/6428998_sd.jpg"
"78","143","https://pyxis.nymag.com/v1/imgs/a59/90b/ed419e06a1d46f317e4bb4f26c1f0ec78b-tshirt-ODE.rsquare.w1200.jpg"
"32","144","https://www.rd.com/wp-content/uploads/2021/03/GettyImages-1133605325-scaled-e1617227898456.jpg"
"50","145","https://www.seriouseats.com/thmb/GSqpVkulyUZu-D6sPijmbFV_f4s=/1500x1125/filters:fill(auto,1)/__opt__aboutcom__coeus__resources__content_migration__serious_eats__seriouseats.com__2020__03__20200224-carretteira-pasta-vicky-wasik-21-ffe68515b25f4b348cbde845a59d6a62.jpg"
"28","146","https://www.history.com/.image/ar_1:1%2Cc_fill%2Ccs_srgb%2Cfl_progressive%2Cq_auto:good%2Cw_1200/MTU3ODc4NTk4NjgxNjM0NTI3/hith-art-heists-scream-2.jpg"
"27","147","https://imgs.michaels.com/MAM/assets/1/726D45CA1C364650A39CD1B336F03305/img/91F89859AE004153A24E7852F8666F0F/10093625_r.jpg?fit=inside|540:540"
"81","148","https://art.art/wp-content/uploads/2021/09/fatcat_art.jpg"
"80","149","https://pyxis.nymag.com/v1/imgs/a59/90b/ed419e06a1d46f317e4bb4f26c1f0ec78b-tshirt-ODE.rsquare.w1200.jpg"
"66","150","https://m.media-amazon.com/images/I/61BsCX+8nIL._AC_UX385_.jpg"
"72","151","https://static.stacker.com/s3fs-public/2020-03/English%20Lab%20Puppy%20%281%29.png"
"95","152","https://spca.bc.ca/wp-content/uploads/news-kittens.jpg"
"50","153","https://m.media-amazon.com/images/I/51JISPYJlwL._AC_UX385_.jpg"
"43","154","https://i5.walmartimages.com/asr/bb3c4eb0-0ada-4cef-8b5f-97a11fa7ef0f.2d3805e39285bde9b9884e68e76e3608.jpeg"
"12","155","https://images.squarespace-cdn.com/content/v1/5a5d344cb7411c8b282df032/1626121126360-VTU3UMXBLVKG0KJ1V4OK/unsplash-image-ITi2yqiwtBM.jpg?format=2500w"
"48","156","https://www.rd.com/wp-content/uploads/2021/03/GettyImages-1133605325-scaled-e1617227898456.jpg"
"40","157","https://i.pinimg.com/originals/5b/b4/8b/5bb48b07fa6e3840bb3afa2bc821b882.jpg"
"24","158","https://lh6.ggpht.com/HlgucZ0ylJAfZgusynnUwxNIgIp5htNhShF559x3dRXiuy_UdP3UQVLYW6c=s1200"
"4","159","https://images.unsplash.com/photo-1543039625-14cbd3802e7d?ixlib=rb-1.2.1&ixid=MnwxMjA3fDB8MHxzZWFyY2h8Mnx8b3V0ZG9vcnxlbnwwfHwwfHw%3D&w=1000&q=80"
"7","160","https://art.art/wp-content/uploads/2021/09/fatcat_art.jpg"
"53","161","https://ih1.redbubble.net/image.482432505.2782/fposter,small,wall_texture,product,750x1000.jpg"
"55","162","https://images.squarespace-cdn.com/content/v1/5a5d344cb7411c8b282df032/1626121126360-VTU3UMXBLVKG0KJ1V4OK/unsplash-image-ITi2yqiwtBM.jpg?format=2500w"
"82","163","https://i.pinimg.com/originals/5b/b4/8b/5bb48b07fa6e3840bb3afa2bc821b882.jpg"
"84","164","https://therecipecritic.com/wp-content/uploads/2019/07/easy_fried_rice-1-500x500.jpg"
"2","165","https://pyxis.nymag.com/v1/imgs/a59/90b/ed419e06a1d46f317e4bb4f26c1f0ec78b-tshirt-ODE.rsquare.w1200.jpg"
"25","166","https://s23209.pcdn.co/wp-content/uploads/2013/10/IMG_4012edit1.jpg"
"28","167","https://media.cntraveler.com/photos/603fc7a599ab9b035e060f47/7:10/w_1260,h_1800,c_limit/OutdoorBrands-EddieBauer-2021-1.jpg"
"73","168","https://art.art/wp-content/uploads/2021/09/fatcat_art.jpg"
"3","169","https://therecipecritic.com/wp-content/uploads/2019/07/easy_fried_rice-1-500x500.jpg"
"76","170","https://lh6.ggpht.com/HlgucZ0ylJAfZgusynnUwxNIgIp5htNhShF559x3dRXiuy_UdP3UQVLYW6c=s1200"
"26","171","https://www.glutenfreepalate.com/wp-content/uploads/2018/08/Gluten-Free-Pizza-3.2-480x360.jpg"
"28","172","https://media.cntraveler.com/photos/603fc7a599ab9b035e060f47/7:10/w_1260,h_1800,c_limit/OutdoorBrands-EddieBauer-2021-1.jpg"
"41","173","https://images.prismic.io/frameworkmarketplace/cca31de3-3b75-4932-af96-7646b7eba6c7__DSC3630-Edit-cropped.jpg?auto=compress,format"
"52","174","https://www.roanoke.edu/images/campusrec/McAfee_Olivia.jpg"
"58","175","https://www.roanoke.edu/images/campusrec/McAfee_Olivia.jpg"
"63","176","https://www.roanoke.edu/images/campusrec/McAfee_Olivia.jpg"
"3","177","https://i.pinimg.com/474x/83/9a/08/839a0809148a30d5ac5a835dd90cb79f.jpg"
"31","178","https://images.boardriders.com/global/billabong-products/all/default/hi-res/m302vbap_billabong,f_nvy_frt1.jpg"
"13","179","https://pyxis.nymag.com/v1/imgs/a59/90b/ed419e06a1d46f317e4bb4f26c1f0ec78b-tshirt-ODE.rsquare.w1200.jpg"
"86","180","https://m.media-amazon.com/images/I/61BsCX+8nIL._AC_UX385_.jpg"
"75","181","https://www.budgetbytes.com/wp-content/uploads/2013/07/Creamy-Spinach-Tomato-Pasta-bowl.jpg"
"23","182","https://www.csun.edu/sites/default/files/AS-Earth_Month-Outdoor_Online.jpg"
"14","183","https://therecipecritic.com/wp-content/uploads/2019/07/easy_fried_rice-1-500x500.jpg"
"2","184","https://images.japancentre.com/recipes/pics/18/main/makisushi.jpg?1557308201"
"47","185","https://www.rd.com/wp-content/uploads/2021/03/GettyImages-1133605325-scaled-e1617227898456.jpg"
"43","186","https://www.history.com/.image/ar_1:1%2Cc_fill%2Ccs_srgb%2Cfl_progressive%2Cq_auto:good%2Cw_1200/MTU3ODc4NTk4NjgxNjM0NTI3/hith-art-heists-scream-2.jpg"
"21","187","https://therecipecritic.com/wp-content/uploads/2019/07/easy_fried_rice-1-500x500.jpg"
"8","188","https://images.squarespace-cdn.com/content/v1/5a5d344cb7411c8b282df032/1626121126360-VTU3UMXBLVKG0KJ1V4OK/unsplash-image-ITi2yqiwtBM.jpg?format=2500w"
"80","189","https://www.roanoke.edu/images/campusrec/McAfee_Olivia.jpg"
"66","190","https://art.art/wp-content/uploads/2021/09/fatcat_art.jpg"
"61","191","https://images.japancentre.com/recipes/pics/18/main/makisushi.jpg?1557308201"
"33","192","https://m.media-amazon.com/images/I/61BsCX+8nIL._AC_UX385_.jpg"
"1","193","https://m.media-amazon.com/images/I/71GxclaDNsL._AC_UX342_.jpg"
"15","194","https://m.media-amazon.com/images/I/71GxclaDNsL._AC_UX342_.jpg"
"72","195","https://www.glutenfreepalate.com/wp-content/uploads/2018/08/Gluten-Free-Pizza-3.2-480x360.jpg"
"21","196","https://images.japancentre.com/recipes/pics/18/main/makisushi.jpg?1557308201"
"8","197","https://therecipecritic.com/wp-content/uploads/2019/07/easy_fried_rice-1-500x500.jpg"
"82","198","https://www.glutenfreepalate.com/wp-content/uploads/2018/08/Gluten-Free-Pizza-3.2-480x360.jpg"
"37","199","https://hips.hearstapps.com/hmg-prod.s3.amazonaws.com/images/gray-sweats-1631821743.jpg?crop=1.00xw:1.00xh;0,0&resize=1200:*"
"45","200","https://images.squarespace-cdn.com/content/v1/5a5d344cb7411c8b282df032/1626121126360-VTU3UMXBLVKG0KJ1V4OK/unsplash-image-ITi2yqiwtBM.jpg?format=2500w"
"53","201","https://i.pinimg.com/736x/7a/15/52/7a155238ab97bf76ef1509f4a55242de.jpg"
"48","202","https://hips.hearstapps.com/hmg-prod/images/delish-bucatinipasta-028-ls-1607552701.jpg"
"91","203","https://www.rd.com/wp-content/uploads/2021/03/GettyImages-1133605325-scaled-e1617227898456.jpg"
"4","204","https://ih1.redbubble.net/image.482432505.2782/fposter,small,wall_texture,product,750x1000.jpg"
"57","205","https://i5.walmartimages.com/asr/ae9df631-3f57-4293-9c0c-be0f758e378a.bcd827b9231c9321f0d49a7d9b00121c.jpeg"
"23","206","https://i.pinimg.com/736x/7a/15/52/7a155238ab97bf76ef1509f4a55242de.jpg"
"51","207","https://m.media-amazon.com/images/I/51JISPYJlwL._AC_UX385_.jpg"
"81","208","https://s23209.pcdn.co/wp-content/uploads/2013/10/IMG_4012edit1.jpg"
"60","209","https://art.art/wp-content/uploads/2021/09/fatcat_art.jpg"
"12","210","https://static.stacker.com/s3fs-public/2020-03/English%20Lab%20Puppy%20%281%29.png"
"15","211","https://art.art/wp-content/uploads/2021/09/fatcat_art.jpg"
"45","212","https://static.stacker.com/s3fs-public/2020-03/English%20Lab%20Puppy%20%281%29.png"
"99","213","https://www.akc.org/wp-content/uploads/2017/11/Labrador-Retriever-MP-500x486.jpg"
"38","214","https://i5.walmartimages.com/asr/ae9df631-3f57-4293-9c0c-be0f758e378a.bcd827b9231c9321f0d49a7d9b00121c.jpeg"
"25","215","https://hips.hearstapps.com/hmg-prod.s3.amazonaws.com/images/gray-sweats-1631821743.jpg?crop=1.00xw:1.00xh;0,0&resize=1200:*"
"21","216","https://www.budgetbytes.com/wp-content/uploads/2013/07/Creamy-Spinach-Tomato-Pasta-bowl.jpg"
"27","217","https://spca.bc.ca/wp-content/uploads/news-kittens.jpg"
"9","218","https://www.rd.com/wp-content/uploads/2021/03/GettyImages-1133605325-scaled-e1617227898456.jpg"
"55","219","https://i5.walmartimages.com/asr/ae9df631-3f57-4293-9c0c-be0f758e378a.bcd827b9231c9321f0d49a7d9b00121c.jpeg"
"12","220","https://imgs.michaels.com/MAM/assets/1/726D45CA1C364650A39CD1B336F03305/img/91F89859AE004153A24E7852F8666F0F/10093625_r.jpg?fit=inside|540:540"
"42","221","https://i.pinimg.com/originals/5b/b4/8b/5bb48b07fa6e3840bb3afa2bc821b882.jpg"
"50","222","https://www.budgetbytes.com/wp-content/uploads/2013/07/Creamy-Spinach-Tomato-Pasta-bowl.jpg"
"7","223","https://americanpetsalive.org/uploads/blog/Healthy-Kittens.jpg"
"83","224","https://upload.wikimedia.org/wikipedia/commons/4/40/Heyward_lines_into_double_play_%2828356212176%29.jpg"
"37","225","https://i.pinimg.com/736x/7a/15/52/7a155238ab97bf76ef1509f4a55242de.jpg"
"57","226","https://images.squarespace-cdn.com/content/v1/5a5d344cb7411c8b282df032/1626121126360-VTU3UMXBLVKG0KJ1V4OK/unsplash-image-ITi2yqiwtBM.jpg?format=2500w"
"50","227","https://m.media-amazon.com/images/I/51JISPYJlwL._AC_UX385_.jpg"
"34","228","https://m.media-amazon.com/images/I/61fiCzz6rdL._AC_UY445_.jpg"
"31","229","https://lh6.ggpht.com/HlgucZ0ylJAfZgusynnUwxNIgIp5htNhShF559x3dRXiuy_UdP3UQVLYW6c=s1200"
"52","230","https://imgs.michaels.com/MAM/assets/1/726D45CA1C364650A39CD1B336F03305/img/91F89859AE004153A24E7852F8666F0F/10093625_r.jpg?fit=inside|540:540"
"69","231","https://s23209.pcdn.co/wp-content/uploads/2013/10/IMG_4012edit1.jpg"
"88","232","https://i.pinimg.com/736x/7a/15/52/7a155238ab97bf76ef1509f4a55242de.jpg"
"53","233","https://i5.walmartimages.com/asr/bb3c4eb0-0ada-4cef-8b5f-97a11fa7ef0f.2d3805e39285bde9b9884e68e76e3608.jpeg"
"23","234","https://i5.walmartimages.com/asr/ae9df631-3f57-4293-9c0c-be0f758e378a.bcd827b9231c9321f0d49a7d9b00121c.jpeg"
"44","235","https://www.akc.org/wp-content/uploads/2017/11/Labrador-Retriever-MP-500x486.jpg"
"36","236","https://www.csun.edu/sites/default/files/AS-Earth_Month-Outdoor_Online.jpg"
"54","237","https://pyxis.nymag.com/v1/imgs/a59/90b/ed419e06a1d46f317e4bb4f26c1f0ec78b-tshirt-ODE.rsquare.w1200.jpg"
"80","238","https://m.media-amazon.com/images/I/61fiCzz6rdL._AC_UY445_.jpg"
"16","239","https://www.rd.com/wp-content/uploads/2021/03/GettyImages-1133605325-scaled-e1617227898456.jpg"
"63","240","https://i.pinimg.com/originals/5b/b4/8b/5bb48b07fa6e3840bb3afa2bc821b882.jpg"
"53","241","https://www.rd.com/wp-content/uploads/2021/03/GettyImages-1133605325-scaled-e1617227898456.jpg"
"24","242","https://i.pinimg.com/736x/7a/15/52/7a155238ab97bf76ef1509f4a55242de.jpg"
"18","243","https://art.art/wp-content/uploads/2021/09/fatcat_art.jpg"
"72","244","https://upload.wikimedia.org/wikipedia/commons/4/40/Heyward_lines_into_double_play_%2828356212176%29.jpg"
"39","245","https://pyxis.nymag.com/v1/imgs/a59/90b/ed419e06a1d46f317e4bb4f26c1f0ec78b-tshirt-ODE.rsquare.w1200.jpg"
"25","246","https://static.stacker.com/s3fs-public/2020-03/English%20Lab%20Puppy%20%281%29.png"
"94","247","https://www.roanoke.edu/images/campusrec/McAfee_Olivia.jpg"
"36","248","https://hips.hearstapps.com/hmg-prod/images/delish-bucatinipasta-028-ls-1607552701.jpg"
"12","249","https://pisces.bbystatic.com/image2/BestBuy_US/images/products/6428/6428998_sd.jpg"
"88","250","https://imgs.michaels.com/MAM/assets/1/726D45CA1C364650A39CD1B336F03305/img/91F89859AE004153A24E7852F8666F0F/10093625_r.jpg?fit=inside|540:540"
"67","251","https://media.cntraveler.com/photos/603fc7a599ab9b035e060f47/7:10/w_1260,h_1800,c_limit/OutdoorBrands-EddieBauer-2021-1.jpg"
"58","252","https://images.boardriders.com/global/billabong-products/all/default/hi-res/m302vbap_billabong,f_nvy_frt1.jpg"
"67","253","https://americanpetsalive.org/uploads/blog/Healthy-Kittens.jpg"
"21","254","https://hips.hearstapps.com/hmg-prod/images/delish-bucatinipasta-028-ls-1607552701.jpg"
"84","255","https://americanpetsalive.org/uploads/blog/Healthy-Kittens.jpg"
"27","256","https://m.media-amazon.com/images/I/61BsCX+8nIL._AC_UX385_.jpg"
"59","257","https://upload.wikimedia.org/wikipedia/commons/a/a3/Eq_it-na_pizza-margherita_sep2005_sml.jpg"
"31","258","https://i.pinimg.com/originals/5b/b4/8b/5bb48b07fa6e3840bb3afa2bc821b882.jpg"
"4","259","https://pyxis.nymag.com/v1/imgs/a59/90b/ed419e06a1d46f317e4bb4f26c1f0ec78b-tshirt-ODE.rsquare.w1200.jpg"
"26","260","https://art.art/wp-content/uploads/2021/09/fatcat_art.jpg"
"90","261","https://m.media-amazon.com/images/I/51JISPYJlwL._AC_UX385_.jpg"
"28","262","https://i5.walmartimages.com/asr/ae9df631-3f57-4293-9c0c-be0f758e378a.bcd827b9231c9321f0d49a7d9b00121c.jpeg"
"30","263","https://www.seriouseats.com/thmb/GSqpVkulyUZu-D6sPijmbFV_f4s=/1500x1125/filters:fill(auto,1)/__opt__aboutcom__coeus__resources__content_migration__serious_eats__seriouseats.com__2020__03__20200224-carretteira-pasta-vicky-wasik-21-ffe68515b25f4b348cbde845a59d6a62.jpg"
"24","264","https://i.pinimg.com/736x/7a/15/52/7a155238ab97bf76ef1509f4a55242de.jpg"
"14","265","https://therecipecritic.com/wp-content/uploads/2019/07/easy_fried_rice-1-500x500.jpg"
"1","266","https://i5.walmartimages.com/asr/bb3c4eb0-0ada-4cef-8b5f-97a11fa7ef0f.2d3805e39285bde9b9884e68e76e3608.jpeg"
"58","267","https://m.media-amazon.com/images/I/51JISPYJlwL._AC_UX385_.jpg"
"5","268","https://i.insider.com/5c799c56eb3ce834ad57b632?width=750&format=jpeg&auto=webp"
"79","269","https://media.cntraveler.com/photos/603fc7a599ab9b035e060f47/7:10/w_1260,h_1800,c_limit/OutdoorBrands-EddieBauer-2021-1.jpg"
"36","270","https://i5.walmartimages.com/asr/bb3c4eb0-0ada-4cef-8b5f-97a11fa7ef0f.2d3805e39285bde9b9884e68e76e3608.jpeg"
"79","271","https://i.pinimg.com/474x/83/9a/08/839a0809148a30d5ac5a835dd90cb79f.jpg"
"38","272","https://hips.hearstapps.com/hmg-prod.s3.amazonaws.com/images/gray-sweats-1631821743.jpg?crop=1.00xw:1.00xh;0,0&resize=1200:*"
"12","273","https://m.media-amazon.com/images/I/71GxclaDNsL._AC_UX342_.jpg"
"93","274","https://pyxis.nymag.com/v1/imgs/a59/90b/ed419e06a1d46f317e4bb4f26c1f0ec78b-tshirt-ODE.rsquare.w1200.jpg"
"36","275","https://i5.walmartimages.com/asr/ae9df631-3f57-4293-9c0c-be0f758e378a.bcd827b9231c9321f0d49a7d9b00121c.jpeg"
"92","276","https://m.media-amazon.com/images/I/61fiCzz6rdL._AC_UY445_.jpg"
"4","277","https://pisces.bbystatic.com/image2/BestBuy_US/images/products/6428/6428998_sd.jpg"
"79","278","https://www.glutenfreepalate.com/wp-content/uploads/2018/08/Gluten-Free-Pizza-3.2-480x360.jpg"
"73","279","https://www.rd.com/wp-content/uploads/2021/03/GettyImages-1133605325-scaled-e1617227898456.jpg"
"22","280","https://i.pinimg.com/474x/83/9a/08/839a0809148a30d5ac5a835dd90cb79f.jpg"
"82","281","https://i.pinimg.com/474x/83/9a/08/839a0809148a30d5ac5a835dd90cb79f.jpg"
"39","282","https://imgs.michaels.com/MAM/assets/1/726D45CA1C364650A39CD1B336F03305/img/91F89859AE004153A24E7852F8666F0F/10093625_r.jpg?fit=inside|540:540"
"96","283","https://m.media-amazon.com/images/I/61BsCX+8nIL._AC_UX385_.jpg"
"87","284","https://i5.walmartimages.com/asr/bb3c4eb0-0ada-4cef-8b5f-97a11fa7ef0f.2d3805e39285bde9b9884e68e76e3608.jpeg"
"64","285","https://m.media-amazon.com/images/I/61BsCX+8nIL._AC_UX385_.jpg"
"52","286","https://www.roanoke.edu/images/campusrec/McAfee_Olivia.jpg"
"33","287","https://i.pinimg.com/originals/5b/b4/8b/5bb48b07fa6e3840bb3afa2bc821b882.jpg"
"48","288","https://m.media-amazon.com/images/I/71GxclaDNsL._AC_UX342_.jpg"
"7","289","https://lh6.ggpht.com/HlgucZ0ylJAfZgusynnUwxNIgIp5htNhShF559x3dRXiuy_UdP3UQVLYW6c=s1200"
"4","290","https://i.pinimg.com/originals/5b/b4/8b/5bb48b07fa6e3840bb3afa2bc821b882.jpg"
"35","291","https://images.unsplash.com/photo-1543039625-14cbd3802e7d?ixlib=rb-1.2.1&ixid=MnwxMjA3fDB8MHxzZWFyY2h8Mnx8b3V0ZG9vcnxlbnwwfHwwfHw%3D&w=1000&q=80"
"65","292","https://i.pinimg.com/474x/83/9a/08/839a0809148a30d5ac5a835dd90cb79f.jpg"
"85","293","https://art.art/wp-content/uploads/2021/09/fatcat_art.jpg"
"18","294","https://s23209.pcdn.co/wp-content/uploads/2013/10/IMG_4012edit1.jpg"
"20","295","https://lh6.ggpht.com/HlgucZ0ylJAfZgusynnUwxNIgIp5htNhShF559x3dRXiuy_UdP3UQVLYW6c=s1200"
"96","296","https://images.unsplash.com/photo-1543039625-14cbd3802e7d?ixlib=rb-1.2.1&ixid=MnwxMjA3fDB8MHxzZWFyY2h8Mnx8b3V0ZG9vcnxlbnwwfHwwfHw%3D&w=1000&q=80"
"60","297","https://upload.wikimedia.org/wikipedia/commons/a/a3/Eq_it-na_pizza-margherita_sep2005_sml.jpg"
"76","298","https://www.budgetbytes.com/wp-content/uploads/2013/07/Creamy-Spinach-Tomato-Pasta-bowl.jpg"
"28","299","https://images.boardriders.com/global/billabong-products/all/default/hi-res/m302vbap_billabong,f_nvy_frt1.jpg"
"13","300","https://s23209.pcdn.co/wp-content/uploads/2013/10/IMG_4012edit1.jpg"
"37","301","https://i.insider.com/5c799c56eb3ce834ad57b632?width=750&format=jpeg&auto=webp"
"29","302","https://therecipecritic.com/wp-content/uploads/2019/07/easy_fried_rice-1-500x500.jpg"
"61","303","https://www.history.com/.image/ar_1:1%2Cc_fill%2Ccs_srgb%2Cfl_progressive%2Cq_auto:good%2Cw_1200/MTU3ODc4NTk4NjgxNjM0NTI3/hith-art-heists-scream-2.jpg"
"57","304","https://lh6.ggpht.com/HlgucZ0ylJAfZgusynnUwxNIgIp5htNhShF559x3dRXiuy_UdP3UQVLYW6c=s1200"
"46","305","https://m.media-amazon.com/images/I/71GxclaDNsL._AC_UX342_.jpg"
"28","306","https://therecipecritic.com/wp-content/uploads/2019/07/easy_fried_rice-1-500x500.jpg"
"14","307","https://m.media-amazon.com/images/I/51JISPYJlwL._AC_UX385_.jpg"
"89","308","https://i5.walmartimages.com/asr/bb3c4eb0-0ada-4cef-8b5f-97a11fa7ef0f.2d3805e39285bde9b9884e68e76e3608.jpeg"
"88","309","https://i.pinimg.com/736x/7a/15/52/7a155238ab97bf76ef1509f4a55242de.jpg"
"97","310","https://i5.walmartimages.com/asr/ae9df631-3f57-4293-9c0c-be0f758e378a.bcd827b9231c9321f0d49a7d9b00121c.jpeg"
"59","311","https://images.prismic.io/frameworkmarketplace/cca31de3-3b75-4932-af96-7646b7eba6c7__DSC3630-Edit-cropped.jpg?auto=compress,format"
"47","312","https://upload.wikimedia.org/wikipedia/commons/a/a3/Eq_it-na_pizza-margherita_sep2005_sml.jpg"
"97","313","https://images.squarespace-cdn.com/content/v1/5a5d344cb7411c8b282df032/1626121126360-VTU3UMXBLVKG0KJ1V4OK/unsplash-image-ITi2yqiwtBM.jpg?format=2500w"
"66","314","https://media.cntraveler.com/photos/603fc7a599ab9b035e060f47/7:10/w_1260,h_1800,c_limit/OutdoorBrands-EddieBauer-2021-1.jpg"
"49","315","https://therecipecritic.com/wp-content/uploads/2019/07/easy_fried_rice-1-500x500.jpg"
"23","316","https://pyxis.nymag.com/v1/imgs/a59/90b/ed419e06a1d46f317e4bb4f26c1f0ec78b-tshirt-ODE.rsquare.w1200.jpg"
"30","317","https://images.squarespace-cdn.com/content/v1/5a5d344cb7411c8b282df032/1626121126360-VTU3UMXBLVKG0KJ1V4OK/unsplash-image-ITi2yqiwtBM.jpg?format=2500w"
"80","318","https://i.pinimg.com/474x/83/9a/08/839a0809148a30d5ac5a835dd90cb79f.jpg"
"34","319","https://therecipecritic.com/wp-content/uploads/2019/07/easy_fried_rice-1-500x500.jpg"
"12","320","https://www.simplyrecipes.com/thmb/8caxM88NgxZjz-T2aeRW3xjhzBg=/2000x1125/smart/filters:no_upscale()/__opt__aboutcom__coeus__resources__content_migration__simply_recipes__uploads__2019__09__easy-pepperoni-pizza-lead-3-8f256746d649404baa36a44d271329bc.jpg"
"36","321","https://www.seriouseats.com/thmb/GSqpVkulyUZu-D6sPijmbFV_f4s=/1500x1125/filters:fill(auto,1)/__opt__aboutcom__coeus__resources__content_migration__serious_eats__seriouseats.com__2020__03__20200224-carretteira-pasta-vicky-wasik-21-ffe68515b25f4b348cbde845a59d6a62.jpg"
"50","322","https://s23209.pcdn.co/wp-content/uploads/2013/10/IMG_4012edit1.jpg"
"29","323","https://www.roanoke.edu/images/campusrec/McAfee_Olivia.jpg"
"39","324","https://therecipecritic.com/wp-content/uploads/2019/07/easy_fried_rice-1-500x500.jpg"
"58","325","https://images.japancentre.com/recipes/pics/18/main/makisushi.jpg?1557308201"
"26","326","https://images.prismic.io/frameworkmarketplace/cca31de3-3b75-4932-af96-7646b7eba6c7__DSC3630-Edit-cropped.jpg?auto=compress,format"
"29","327","https://images.unsplash.com/photo-1543039625-14cbd3802e7d?ixlib=rb-1.2.1&ixid=MnwxMjA3fDB8MHxzZWFyY2h8Mnx8b3V0ZG9vcnxlbnwwfHwwfHw%3D&w=1000&q=80"
"42","328","https://media.cntraveler.com/photos/603fc7a599ab9b035e060f47/7:10/w_1260,h_1800,c_limit/OutdoorBrands-EddieBauer-2021-1.jpg"
"87","329","https://images.unsplash.com/photo-1543039625-14cbd3802e7d?ixlib=rb-1.2.1&ixid=MnwxMjA3fDB8MHxzZWFyY2h8Mnx8b3V0ZG9vcnxlbnwwfHwwfHw%3D&w=1000&q=80"
"27","330","https://pisces.bbystatic.com/image2/BestBuy_US/images/products/6428/6428998_sd.jpg"
"74","331","https://images.squarespace-cdn.com/content/v1/5a5d344cb7411c8b282df032/1626121126360-VTU3UMXBLVKG0KJ1V4OK/unsplash-image-ITi2yqiwtBM.jpg?format=2500w"
"8","332","https://lh6.ggpht.com/HlgucZ0ylJAfZgusynnUwxNIgIp5htNhShF559x3dRXiuy_UdP3UQVLYW6c=s1200"
"39","333","https://www.rd.com/wp-content/uploads/2021/03/GettyImages-1133605325-scaled-e1617227898456.jpg"
"84","334","https://www.roanoke.edu/images/campusrec/McAfee_Olivia.jpg"
"13","335","https://m.media-amazon.com/images/I/71GxclaDNsL._AC_UX342_.jpg"
"9","336","https://www.roanoke.edu/images/campusrec/McAfee_Olivia.jpg"
"83","337","https://i.pinimg.com/originals/5b/b4/8b/5bb48b07fa6e3840bb3afa2bc821b882.jpg"
"65","338","https://www.glutenfreepalate.com/wp-content/uploads/2018/08/Gluten-Free-Pizza-3.2-480x360.jpg"
"87","339","https://images.boardriders.com/global/billabong-products/all/default/hi-res/m302vbap_billabong,f_nvy_frt1.jpg"
"88","340","https://hips.hearstapps.com/hmg-prod/images/delish-bucatinipasta-028-ls-1607552701.jpg"
"27","341","https://americanpetsalive.org/uploads/blog/Healthy-Kittens.jpg"
"88","342","https://i.pinimg.com/736x/7a/15/52/7a155238ab97bf76ef1509f4a55242de.jpg"
"6","343","https://hips.hearstapps.com/hmg-prod.s3.amazonaws.com/images/gray-sweats-1631821743.jpg?crop=1.00xw:1.00xh;0,0&resize=1200:*"
"24","344","https://i5.walmartimages.com/asr/bb3c4eb0-0ada-4cef-8b5f-97a11fa7ef0f.2d3805e39285bde9b9884e68e76e3608.jpeg"
"72","345","https://i5.walmartimages.com/asr/bb3c4eb0-0ada-4cef-8b5f-97a11fa7ef0f.2d3805e39285bde9b9884e68e76e3608.jpeg"
"96","346","https://i5.walmartimages.com/asr/bb3c4eb0-0ada-4cef-8b5f-97a11fa7ef0f.2d3805e39285bde9b9884e68e76e3608.jpeg"
"62","347","https://i.pinimg.com/originals/5b/b4/8b/5bb48b07fa6e3840bb3afa2bc821b882.jpg"
"29","348","https://s23209.pcdn.co/wp-content/uploads/2013/10/IMG_4012edit1.jpg"
"42","349","https://m.media-amazon.com/images/I/61BsCX+8nIL._AC_UX385_.jpg"
"71","350","https://i5.walmartimages.com/asr/ae9df631-3f57-4293-9c0c-be0f758e378a.bcd827b9231c9321f0d49a7d9b00121c.jpeg"
"28","351","https://www.akc.org/wp-content/uploads/2017/11/Labrador-Retriever-MP-500x486.jpg"
"52","352","https://www.seriouseats.com/thmb/GSqpVkulyUZu-D6sPijmbFV_f4s=/1500x1125/filters:fill(auto,1)/__opt__aboutcom__coeus__resources__content_migration__serious_eats__seriouseats.com__2020__03__20200224-carretteira-pasta-vicky-wasik-21-ffe68515b25f4b348cbde845a59d6a62.jpg"
"10","353","https://www.history.com/.image/ar_1:1%2Cc_fill%2Ccs_srgb%2Cfl_progressive%2Cq_auto:good%2Cw_1200/MTU3ODc4NTk4NjgxNjM0NTI3/hith-art-heists-scream-2.jpg"
"28","354","https://art.art/wp-content/uploads/2021/09/fatcat_art.jpg"
"93","355","https://images.japancentre.com/recipes/pics/18/main/makisushi.jpg?1557308201"
"49","356","https://www.glutenfreepalate.com/wp-content/uploads/2018/08/Gluten-Free-Pizza-3.2-480x360.jpg"
"3","357","https://m.media-amazon.com/images/I/61BsCX+8nIL._AC_UX385_.jpg"
"84","358","https://m.media-amazon.com/images/I/71GxclaDNsL._AC_UX342_.jpg"
"80","359","https://ih1.redbubble.net/image.482432505.2782/fposter,small,wall_texture,product,750x1000.jpg"
"71","360","https://images.unsplash.com/photo-1543039625-14cbd3802e7d?ixlib=rb-1.2.1&ixid=MnwxMjA3fDB8MHxzZWFyY2h8Mnx8b3V0ZG9vcnxlbnwwfHwwfHw%3D&w=1000&q=80"
"89","361","https://images.japancentre.com/recipes/pics/18/main/makisushi.jpg?1557308201"
"11","362","https://imgs.michaels.com/MAM/assets/1/726D45CA1C364650A39CD1B336F03305/img/91F89859AE004153A24E7852F8666F0F/10093625_r.jpg?fit=inside|540:540"
"85","363","https://i5.walmartimages.com/asr/ae9df631-3f57-4293-9c0c-be0f758e378a.bcd827b9231c9321f0d49a7d9b00121c.jpeg"
"8","364","https://pyxis.nymag.com/v1/imgs/a59/90b/ed419e06a1d46f317e4bb4f26c1f0ec78b-tshirt-ODE.rsquare.w1200.jpg"
"9","365","https://static.stacker.com/s3fs-public/2020-03/English%20Lab%20Puppy%20%281%29.png"
"29","366","https://m.media-amazon.com/images/I/61BsCX+8nIL._AC_UX385_.jpg"
"3","367","https://imgs.michaels.com/MAM/assets/1/726D45CA1C364650A39CD1B336F03305/img/91F89859AE004153A24E7852F8666F0F/10093625_r.jpg?fit=inside|540:540"
"5","368","https://www.history.com/.image/ar_1:1%2Cc_fill%2Ccs_srgb%2Cfl_progressive%2Cq_auto:good%2Cw_1200/MTU3ODc4NTk4NjgxNjM0NTI3/hith-art-heists-scream-2.jpg"
"96","369","https://images.prismic.io/frameworkmarketplace/cca31de3-3b75-4932-af96-7646b7eba6c7__DSC3630-Edit-cropped.jpg?auto=compress,format"
"75","370","https://upload.wikimedia.org/wikipedia/commons/a/a3/Eq_it-na_pizza-margherita_sep2005_sml.jpg"
"19","371","https://i.insider.com/5c799c56eb3ce834ad57b632?width=750&format=jpeg&auto=webp"
"90","372","https://www.glutenfreepalate.com/wp-content/uploads/2018/08/Gluten-Free-Pizza-3.2-480x360.jpg"
"46","373","https://media.cntraveler.com/photos/603fc7a599ab9b035e060f47/7:10/w_1260,h_1800,c_limit/OutdoorBrands-EddieBauer-2021-1.jpg"
"52","374","https://upload.wikimedia.org/wikipedia/commons/a/a3/Eq_it-na_pizza-margherita_sep2005_sml.jpg"
"64","375","https://images.boardriders.com/global/billabong-products/all/default/hi-res/m302vbap_billabong,f_nvy_frt1.jpg"
"8","376","https://art.art/wp-content/uploads/2021/09/fatcat_art.jpg"
"29","377","https://www.rd.com/wp-content/uploads/2021/03/GettyImages-1133605325-scaled-e1617227898456.jpg"
"7","378","https://www.glutenfreepalate.com/wp-content/uploads/2018/08/Gluten-Free-Pizza-3.2-480x360.jpg"
"90","379","https://images.prismic.io/frameworkmarketplace/cca31de3-3b75-4932-af96-7646b7eba6c7__DSC3630-Edit-cropped.jpg?auto=compress,format"
"45","380","https://americanpetsalive.org/uploads/blog/Healthy-Kittens.jpg"
"94","381","https://media.cntraveler.com/photos/603fc7a599ab9b035e060f47/7:10/w_1260,h_1800,c_limit/OutdoorBrands-EddieBauer-2021-1.jpg"
"42","382","https://lh6.ggpht.com/HlgucZ0ylJAfZgusynnUwxNIgIp5htNhShF559x3dRXiuy_UdP3UQVLYW6c=s1200"
"8","383","https://www.history.com/.image/ar_1:1%2Cc_fill%2Ccs_srgb%2Cfl_progressive%2Cq_auto:good%2Cw_1200/MTU3ODc4NTk4NjgxNjM0NTI3/hith-art-heists-scream-2.jpg"
"57","384","https://pisces.bbystatic.com/image2/BestBuy_US/images/products/6428/6428998_sd.jpg"
"51","385","https://www.glutenfreepalate.com/wp-content/uploads/2018/08/Gluten-Free-Pizza-3.2-480x360.jpg"
"29","386","https://imgs.michaels.com/MAM/assets/1/726D45CA1C364650A39CD1B336F03305/img/91F89859AE004153A24E7852F8666F0F/10093625_r.jpg?fit=inside|540:540"
"36","387","https://m.media-amazon.com/images/I/61fiCzz6rdL._AC_UY445_.jpg"
"47","388","https://therecipecritic.com/wp-content/uploads/2019/07/easy_fried_rice-1-500x500.jpg"
"16","389","https://americanpetsalive.org/uploads/blog/Healthy-Kittens.jpg"
"34","390","https://m.media-amazon.com/images/I/51JISPYJlwL._AC_UX385_.jpg"
"83","391","https://www.akc.org/wp-content/uploads/2017/11/Labrador-Retriever-MP-500x486.jpg"
"76","392","https://pyxis.nymag.com/v1/imgs/a59/90b/ed419e06a1d46f317e4bb4f26c1f0ec78b-tshirt-ODE.rsquare.w1200.jpg"
"3","393","https://m.media-amazon.com/images/I/61BsCX+8nIL._AC_UX385_.jpg"
"90","394","https://www.seriouseats.com/thmb/GSqpVkulyUZu-D6sPijmbFV_f4s=/1500x1125/filters:fill(auto,1)/__opt__aboutcom__coeus__resources__content_migration__serious_eats__seriouseats.com__2020__03__20200224-carretteira-pasta-vicky-wasik-21-ffe68515b25f4b348cbde845a59d6a62.jpg"
"96","395","https://ih1.redbubble.net/image.482432505.2782/fposter,small,wall_texture,product,750x1000.jpg"
"16","396","https://i5.walmartimages.com/asr/bb3c4eb0-0ada-4cef-8b5f-97a11fa7ef0f.2d3805e39285bde9b9884e68e76e3608.jpeg"
"12","397","https://images.unsplash.com/photo-1543039625-14cbd3802e7d?ixlib=rb-1.2.1&ixid=MnwxMjA3fDB8MHxzZWFyY2h8Mnx8b3V0ZG9vcnxlbnwwfHwwfHw%3D&w=1000&q=80"
"50","398","https://images.prismic.io/frameworkmarketplace/cca31de3-3b75-4932-af96-7646b7eba6c7__DSC3630-Edit-cropped.jpg?auto=compress,format"
"92","399","https://hips.hearstapps.com/hmg-prod/images/delish-bucatinipasta-028-ls-1607552701.jpg"
"20","400","https://images.unsplash.com/photo-1543039625-14cbd3802e7d?ixlib=rb-1.2.1&ixid=MnwxMjA3fDB8MHxzZWFyY2h8Mnx8b3V0ZG9vcnxlbnwwfHwwfHw%3D&w=1000&q=80"
"47","401","https://hips.hearstapps.com/hmg-prod/images/delish-bucatinipasta-028-ls-1607552701.jpg"
"28","402","https://therecipecritic.com/wp-content/uploads/2019/07/easy_fried_rice-1-500x500.jpg"
"41","403","https://m.media-amazon.com/images/I/61BsCX+8nIL._AC_UX385_.jpg"
"96","404","https://m.media-amazon.com/images/I/61BsCX+8nIL._AC_UX385_.jpg"
"69","405","https://i.pinimg.com/originals/5b/b4/8b/5bb48b07fa6e3840bb3afa2bc821b882.jpg"
"18","406","https://images.squarespace-cdn.com/content/v1/5a5d344cb7411c8b282df032/1626121126360-VTU3UMXBLVKG0KJ1V4OK/unsplash-image-ITi2yqiwtBM.jpg?format=2500w"
"44","407","https://m.media-amazon.com/images/I/71GxclaDNsL._AC_UX342_.jpg"
"90","408","https://m.media-amazon.com/images/I/61fiCzz6rdL._AC_UY445_.jpg"
"65","409","https://www.akc.org/wp-content/uploads/2017/11/Labrador-Retriever-MP-500x486.jpg"
"9","410","https://www.akc.org/wp-content/uploads/2017/11/Labrador-Retriever-MP-500x486.jpg"
"31","411","https://m.media-amazon.com/images/I/61BsCX+8nIL._AC_UX385_.jpg"
"69","412","https://www.roanoke.edu/images/campusrec/McAfee_Olivia.jpg"
"18","413","https://m.media-amazon.com/images/I/71GxclaDNsL._AC_UX342_.jpg"
"31","414","https://www.seriouseats.com/thmb/GSqpVkulyUZu-D6sPijmbFV_f4s=/1500x1125/filters:fill(auto,1)/__opt__aboutcom__coeus__resources__content_migration__serious_eats__seriouseats.com__2020__03__20200224-carretteira-pasta-vicky-wasik-21-ffe68515b25f4b348cbde845a59d6a62.jpg"
"42","415","https://imgs.michaels.com/MAM/assets/1/726D45CA1C364650A39CD1B336F03305/img/91F89859AE004153A24E7852F8666F0F/10093625_r.jpg?fit=inside|540:540"
"95","416","https://media.cntraveler.com/photos/603fc7a599ab9b035e060f47/7:10/w_1260,h_1800,c_limit/OutdoorBrands-EddieBauer-2021-1.jpg"
"86","417","https://www.rd.com/wp-content/uploads/2021/03/GettyImages-1133605325-scaled-e1617227898456.jpg"
"40","418","https://images.prismic.io/frameworkmarketplace/cca31de3-3b75-4932-af96-7646b7eba6c7__DSC3630-Edit-cropped.jpg?auto=compress,format"
"58","419","https://www.budgetbytes.com/wp-content/uploads/2013/07/Creamy-Spinach-Tomato-Pasta-bowl.jpg"
"1","420","https://art.art/wp-content/uploads/2021/09/fatcat_art.jpg"
"39","421","https://i.pinimg.com/736x/7a/15/52/7a155238ab97bf76ef1509f4a55242de.jpg"
"71","422","https://ih1.redbubble.net/image.482432505.2782/fposter,small,wall_texture,product,750x1000.jpg"
"77","423","https://www.history.com/.image/ar_1:1%2Cc_fill%2Ccs_srgb%2Cfl_progressive%2Cq_auto:good%2Cw_1200/MTU3ODc4NTk4NjgxNjM0NTI3/hith-art-heists-scream-2.jpg"
"34","424","https://m.media-amazon.com/images/I/61BsCX+8nIL._AC_UX385_.jpg"
"24","425","https://upload.wikimedia.org/wikipedia/commons/4/40/Heyward_lines_into_double_play_%2828356212176%29.jpg"
"54","426","https://images.japancentre.com/recipes/pics/18/main/makisushi.jpg?1557308201"
"34","427","https://spca.bc.ca/wp-content/uploads/news-kittens.jpg"
"99","428","https://hips.hearstapps.com/hmg-prod.s3.amazonaws.com/images/gray-sweats-1631821743.jpg?crop=1.00xw:1.00xh;0,0&resize=1200:*"
"37","429","https://americanpetsalive.org/uploads/blog/Healthy-Kittens.jpg"
"35","430","https://i5.walmartimages.com/asr/bb3c4eb0-0ada-4cef-8b5f-97a11fa7ef0f.2d3805e39285bde9b9884e68e76e3608.jpeg"
"66","431","https://images.japancentre.com/recipes/pics/18/main/makisushi.jpg?1557308201"
"15","432","https://www.csun.edu/sites/default/files/AS-Earth_Month-Outdoor_Online.jpg"
"33","433","https://www.roanoke.edu/images/campusrec/McAfee_Olivia.jpg"
"32","434","https://static.stacker.com/s3fs-public/2020-03/English%20Lab%20Puppy%20%281%29.png"
"96","435","https://i.pinimg.com/474x/83/9a/08/839a0809148a30d5ac5a835dd90cb79f.jpg"
"87","436","https://www.akc.org/wp-content/uploads/2017/11/Labrador-Retriever-MP-500x486.jpg"
"84","437","https://m.media-amazon.com/images/I/61fiCzz6rdL._AC_UY445_.jpg"
"26","438","https://lh6.ggpht.com/HlgucZ0ylJAfZgusynnUwxNIgIp5htNhShF559x3dRXiuy_UdP3UQVLYW6c=s1200"
"17","439","https://pisces.bbystatic.com/image2/BestBuy_US/images/products/6428/6428998_sd.jpg"
"77","440","https://i.insider.com/5c799c56eb3ce834ad57b632?width=750&format=jpeg&auto=webp"
"49","441","https://www.budgetbytes.com/wp-content/uploads/2013/07/Creamy-Spinach-Tomato-Pasta-bowl.jpg"
"97","442","https://images.unsplash.com/photo-1543039625-14cbd3802e7d?ixlib=rb-1.2.1&ixid=MnwxMjA3fDB8MHxzZWFyY2h8Mnx8b3V0ZG9vcnxlbnwwfHwwfHw%3D&w=1000&q=80"
"82","443","https://www.roanoke.edu/images/campusrec/McAfee_Olivia.jpg"
"74","444","https://i5.walmartimages.com/asr/ae9df631-3f57-4293-9c0c-be0f758e378a.bcd827b9231c9321f0d49a7d9b00121c.jpeg"
"71","445","https://spca.bc.ca/wp-content/uploads/news-kittens.jpg"
"97","446","https://www.seriouseats.com/thmb/GSqpVkulyUZu-D6sPijmbFV_f4s=/1500x1125/filters:fill(auto,1)/__opt__aboutcom__coeus__resources__content_migration__serious_eats__seriouseats.com__2020__03__20200224-carretteira-pasta-vicky-wasik-21-ffe68515b25f4b348cbde845a59d6a62.jpg"
"49","447","https://upload.wikimedia.org/wikipedia/commons/a/a3/Eq_it-na_pizza-margherita_sep2005_sml.jpg"
"56","448","https://imgs.michaels.com/MAM/assets/1/726D45CA1C364650A39CD1B336F03305/img/91F89859AE004153A24E7852F8666F0F/10093625_r.jpg?fit=inside|540:540"
"51","449","https://m.media-amazon.com/images/I/61BsCX+8nIL._AC_UX385_.jpg"
"12","450","https://i5.walmartimages.com/asr/ae9df631-3f57-4293-9c0c-be0f758e378a.bcd827b9231c9321f0d49a7d9b00121c.jpeg"
"43","451","https://www.csun.edu/sites/default/files/AS-Earth_Month-Outdoor_Online.jpg"
"41","452","https://upload.wikimedia.org/wikipedia/commons/4/40/Heyward_lines_into_double_play_%2828356212176%29.jpg"
"88","453","https://www.akc.org/wp-content/uploads/2017/11/Labrador-Retriever-MP-500x486.jpg"
"10","454","https://images.japancentre.com/recipes/pics/18/main/makisushi.jpg?1557308201"
"54","455","https://www.budgetbytes.com/wp-content/uploads/2013/07/Creamy-Spinach-Tomato-Pasta-bowl.jpg"
"3","456","https://i.pinimg.com/474x/83/9a/08/839a0809148a30d5ac5a835dd90cb79f.jpg"
"61","457","https://i5.walmartimages.com/asr/bb3c4eb0-0ada-4cef-8b5f-97a11fa7ef0f.2d3805e39285bde9b9884e68e76e3608.jpeg"
"54","458","https://www.budgetbytes.com/wp-content/uploads/2013/07/Creamy-Spinach-Tomato-Pasta-bowl.jpg"
"9","459","https://art.art/wp-content/uploads/2021/09/fatcat_art.jpg"
"40","460","https://www.glutenfreepalate.com/wp-content/uploads/2018/08/Gluten-Free-Pizza-3.2-480x360.jpg"
"54","461","https://i5.walmartimages.com/asr/bb3c4eb0-0ada-4cef-8b5f-97a11fa7ef0f.2d3805e39285bde9b9884e68e76e3608.jpeg"
"9","462","https://www.history.com/.image/ar_1:1%2Cc_fill%2Ccs_srgb%2Cfl_progressive%2Cq_auto:good%2Cw_1200/MTU3ODc4NTk4NjgxNjM0NTI3/hith-art-heists-scream-2.jpg"
"31","463","https://i.pinimg.com/736x/7a/15/52/7a155238ab97bf76ef1509f4a55242de.jpg"
"74","464","https://images.prismic.io/frameworkmarketplace/cca31de3-3b75-4932-af96-7646b7eba6c7__DSC3630-Edit-cropped.jpg?auto=compress,format"
"72","465","https://m.media-amazon.com/images/I/51JISPYJlwL._AC_UX385_.jpg"
"65","466","https://www.rd.com/wp-content/uploads/2021/03/GettyImages-1133605325-scaled-e1617227898456.jpg"
"58","467","https://m.media-amazon.com/images/I/51JISPYJlwL._AC_UX385_.jpg"
"63","468","https://i.pinimg.com/originals/5b/b4/8b/5bb48b07fa6e3840bb3afa2bc821b882.jpg"
"52","469","https://www.history.com/.image/ar_1:1%2Cc_fill%2Ccs_srgb%2Cfl_progressive%2Cq_auto:good%2Cw_1200/MTU3ODc4NTk4NjgxNjM0NTI3/hith-art-heists-scream-2.jpg"
"48","470","https://images.unsplash.com/photo-1543039625-14cbd3802e7d?ixlib=rb-1.2.1&ixid=MnwxMjA3fDB8MHxzZWFyY2h8Mnx8b3V0ZG9vcnxlbnwwfHwwfHw%3D&w=1000&q=80"
"69","471","https://www.glutenfreepalate.com/wp-content/uploads/2018/08/Gluten-Free-Pizza-3.2-480x360.jpg"
"93","472","https://lh6.ggpht.com/HlgucZ0ylJAfZgusynnUwxNIgIp5htNhShF559x3dRXiuy_UdP3UQVLYW6c=s1200"
"25","473","https://s23209.pcdn.co/wp-content/uploads/2013/10/IMG_4012edit1.jpg"
"21","474","https://hips.hearstapps.com/hmg-prod/images/delish-bucatinipasta-028-ls-1607552701.jpg"
"9","475","https://www.glutenfreepalate.com/wp-content/uploads/2018/08/Gluten-Free-Pizza-3.2-480x360.jpg"
"99","476","https://media.cntraveler.com/photos/603fc7a599ab9b035e060f47/7:10/w_1260,h_1800,c_limit/OutdoorBrands-EddieBauer-2021-1.jpg"
"44","477","https://images.squarespace-cdn.com/content/v1/5a5d344cb7411c8b282df032/1626121126360-VTU3UMXBLVKG0KJ1V4OK/unsplash-image-ITi2yqiwtBM.jpg?format=2500w"
"25","478","https://www.csun.edu/sites/default/files/AS-Earth_Month-Outdoor_Online.jpg"
"57","479","https://images.unsplash.com/photo-1543039625-14cbd3802e7d?ixlib=rb-1.2.1&ixid=MnwxMjA3fDB8MHxzZWFyY2h8Mnx8b3V0ZG9vcnxlbnwwfHwwfHw%3D&w=1000&q=80"
"93","480","https://i.pinimg.com/736x/7a/15/52/7a155238ab97bf76ef1509f4a55242de.jpg"
"59","481","https://americanpetsalive.org/uploads/blog/Healthy-Kittens.jpg"
"90","482","https://i5.walmartimages.com/asr/bb3c4eb0-0ada-4cef-8b5f-97a11fa7ef0f.2d3805e39285bde9b9884e68e76e3608.jpeg"
"59","483","https://i.insider.com/5c799c56eb3ce834ad57b632?width=750&format=jpeg&auto=webp"
"3","484","https://www.rd.com/wp-content/uploads/2021/03/GettyImages-1133605325-scaled-e1617227898456.jpg"
"20","485","https://images.prismic.io/frameworkmarketplace/cca31de3-3b75-4932-af96-7646b7eba6c7__DSC3630-Edit-cropped.jpg?auto=compress,format"
"77","486","https://media.cntraveler.com/photos/603fc7a599ab9b035e060f47/7:10/w_1260,h_1800,c_limit/OutdoorBrands-EddieBauer-2021-1.jpg"
"83","487","https://pyxis.nymag.com/v1/imgs/a59/90b/ed419e06a1d46f317e4bb4f26c1f0ec78b-tshirt-ODE.rsquare.w1200.jpg"
"91","488","https://ih1.redbubble.net/image.482432505.2782/fposter,small,wall_texture,product,750x1000.jpg"
"20","489","https://www.glutenfreepalate.com/wp-content/uploads/2018/08/Gluten-Free-Pizza-3.2-480x360.jpg"
"81","490","https://images.squarespace-cdn.com/content/v1/5a5d344cb7411c8b282df032/1626121126360-VTU3UMXBLVKG0KJ1V4OK/unsplash-image-ITi2yqiwtBM.jpg?format=2500w"
"82","491","https://art.art/wp-content/uploads/2021/09/fatcat_art.jpg"
"19","492","https://m.media-amazon.com/images/I/71GxclaDNsL._AC_UX342_.jpg"
"92","493","https://images.unsplash.com/photo-1543039625-14cbd3802e7d?ixlib=rb-1.2.1&ixid=MnwxMjA3fDB8MHxzZWFyY2h8Mnx8b3V0ZG9vcnxlbnwwfHwwfHw%3D&w=1000&q=80"
"81","494","https://upload.wikimedia.org/wikipedia/commons/4/40/Heyward_lines_into_double_play_%2828356212176%29.jpg"
"1","495","https://therecipecritic.com/wp-content/uploads/2019/07/easy_fried_rice-1-500x500.jpg"
"6","496","https://m.media-amazon.com/images/I/61BsCX+8nIL._AC_UX385_.jpg"
"32","497","https://americanpetsalive.org/uploads/blog/Healthy-Kittens.jpg"
"67","498","https://www.simplyrecipes.com/thmb/8caxM88NgxZjz-T2aeRW3xjhzBg=/2000x1125/smart/filters:no_upscale()/__opt__aboutcom__coeus__resources__content_migration__simply_recipes__uploads__2019__09__easy-pepperoni-pizza-lead-3-8f256746d649404baa36a44d271329bc.jpg"
"44","499","https://i.pinimg.com/originals/5b/b4/8b/5bb48b07fa6e3840bb3afa2bc821b882.jpg"
